number,district_sector,latitude,longitude,month,summarized_offense_description,zone_beat,violence_offense_description
0,D,47.620815277,-122.332344055,3,Public Offense,D3,other
1,S,47.53314209,-122.269989014,3,Public Offense,S2,other
2,O,47.575576782,-122.333740234,3,TRAFFIC,O2,other
3,F,47.526882172,-122.320274353,3,Court Violation,F3,other
4,C,47.623683929,-122.31464386,3,Violence,C1,violence
5,N,47.708656311,-122.33265686,3,Drugs,N3,other
6,D,47.614215851,-122.34197998,3,Violence,D2,violence
7,B,47.668052673,-122.379615784,3,Court Violation,B1,other
8,U,47.661296844,-122.317108154,3,Theft,U2,other
9,W,47.580734253,-122.381256104,3,Drugs,W1,other
10,B,47.661365509,-122.329566956,3,Theft,B3,other
11,N,47.697067261,-122.340797424,3,Violence,N3,violence
12,U,47.661296844,-122.317108154,3,Theft,U2,other
13,M,47.609653473,-122.333099365,3,Theft,M3,other
14,M,47.609653473,-122.333099365,3,Theft,M3,other
15,B,47.664459229,-122.380912781,3,Drugs,B1,other
16,B,47.664459229,-122.380912781,3,Drugs,B1,other
17,M,47.608753204,-122.336891174,3,Violence,M3,violence
18,Q,47.652839661,-122.389198303,3,Theft,Q1,other
19,K,47.602413177,-122.331085205,3,Public Offense,K2,other
20,O,47.551898956,-122.334220886,3,Theft,O2,other
21,M,47.608753204,-122.336891174,3,Violence,M3,violence
22,G,47.597499847,-122.317230225,3,Violence,G1,violence
23,E,47.620826721,-122.326576233,3,Violence,E1,violence
24,G,47.596652985,-122.313438416,3,Court Violation,G3,other
25,F,47.529811859,-122.322860718,3,Drugs,F3,other
26,L,47.729167938,-122.293701172,3,Theft,L1,other
27,L,47.729167938,-122.293701172,3,Theft,L1,other
28,U,47.681236267,-122.309364319,3,Fraud,U1,other
29,Q,47.624580383,-122.356712341,3,Property,Q3,other
30,L,47.717338562,-122.292785645,3,Theft,L3,other
31,R,47.579673767,-122.299156189,3,Court Violation,R2,other
32,U,47.683952332,-122.288398743,3,Public Offense,U3,other
33,N,47.731399536,-122.343391418,3,Fraud,N2,other
34,Q,47.652839661,-122.389198303,3,Theft,Q1,other
35,F,47.535514832,-122.3621521,3,Theft,F1,other
36,J,47.691505432,-122.355308533,3,Fraud,J1,other
37,D,47.616054535,-122.336166382,3,Theft,D2,other
38,D,47.614704132,-122.344795227,3,Violence,D1,violence
39,D,47.614704132,-122.344795227,3,Violence,D1,violence
40,B,47.665019989,-122.345291138,3,Violence,B3,violence
41,R,47.574768066,-122.296127319,3,Public Offense,R2,other
42,R,47.574768066,-122.296127319,3,Public Offense,R2,other
43,K,47.600452423,-122.327659607,3,Violence,K3,violence
44,S,47.542469025,-122.274093628,3,Court Violation,S2,other
45,N,47.714984894,-122.328781128,3,Theft,N2,other
46,O,47.586170197,-122.329063416,3,Drugs,O1,other
47,U,47.658489227,-122.320838928,3,Fraud,U2,other
48,K,47.60004425,-122.334823608,3,Violence,K2,violence
49,B,47.652359009,-122.354980469,3,Fraud,B2,other
50,F,47.521026611,-122.36730957,3,Theft,F2,other
51,J,47.675914764,-122.326538086,3,Property,J3,other
52,L,47.723865509,-122.304580688,3,Theft,L1,other
53,D,47.616054535,-122.336166382,3,Fraud,D2,other
54,M,47.61120224,-122.339118958,3,Theft,M1,other
55,E,47.609016418,-122.329452515,3,Theft,E3,other
56,L,47.726680756,-122.316085815,3,Fraud,L1,other
57,B,47.660015106,-122.363998413,3,Theft,B2,other
58,B,47.660015106,-122.363998413,3,Theft,B2,other
59,G,47.608055115,-122.316116333,3,Theft,G1,other
60,G,47.608055115,-122.316116333,3,Theft,G1,other
61,O,47.578769684,-122.335128784,3,Fraud,O1,other
62,M,47.61283493,-122.34262085,3,Theft,M1,other
63,99,47.759605408,-122.344230652,3,Court Violation,99,other
64,D,47.616634369,-122.352027893,3,Fraud,D1,other
65,U,47.65908432,-122.315498352,3,Fraud,U2,other
66,E,47.623699188,-122.320930481,3,Theft,E1,other
67,J,47.682250977,-122.386451721,3,Theft,J2,other
68,J,47.682250977,-122.386451721,3,Theft,J2,other
69,K,47.604873657,-122.328735352,3,Violence,K1,violence
70,K,47.604873657,-122.328735352,3,Violence,K1,violence
71,K,47.604873657,-122.328735352,3,Violence,K1,violence
72,F,47.518287659,-122.367279053,3,Theft,F2,other
73,D,47.612888336,-122.343704224,3,Theft,D1,other
74,J,47.69978714,-122.355400085,3,Property,J1,other
75,W,47.575904846,-122.410743713,3,Theft,W1,other
76,G,47.604129791,-122.323440552,3,ANIMAL COMPLAINT,G1,other
77,G,47.604129791,-122.323440552,3,ANIMAL COMPLAINT,G1,other
78,U,47.664581299,-122.283157349,3,Theft,U3,other
79,R,47.554618835,-122.293952942,3,Theft,R1,other
80,R,47.554618835,-122.293952942,3,Theft,R1,other
81,R,47.554618835,-122.293952942,3,Theft,R1,other
82,U,47.657588959,-122.31438446,3,Court Violation,U2,other
83,F,47.538272858,-122.368995667,3,Theft,F1,other
84,F,47.538272858,-122.368995667,3,Theft,F1,other
85,F,47.538272858,-122.368995667,3,Theft,F1,other
86,D,47.612888336,-122.343704224,3,Theft,D1,other
87,D,47.612888336,-122.343704224,3,Theft,D1,other
88,N,47.690498352,-122.33644104,3,Drugs,N3,other
89,G,47.594215393,-122.310256958,3,Public Offense,G3,other
90,K,47.602413177,-122.331085205,3,Violence,K2,violence
91,K,47.602413177,-122.331085205,3,Violence,K2,violence
92,K,47.602413177,-122.331085205,3,Violence,K2,violence
93,K,47.602413177,-122.331085205,3,Violence,K2,violence
94,M,47.611709595,-122.331443787,3,Theft,M2,other
95,M,47.611709595,-122.331443787,3,Theft,M2,other
96,M,47.611709595,-122.331443787,3,Theft,M2,other
97,S,47.520317078,-122.261146545,3,Theft,S3,other
98,S,47.520317078,-122.261146545,3,Theft,S3,other
99,E,47.613517761,-122.320770264,3,Theft,E2,other
100,M,47.609783173,-122.339355469,3,Theft,M1,other
101,M,47.609783173,-122.339355469,3,Theft,M1,other
102,M,47.609783173,-122.339355469,3,Theft,M1,other
103,J,47.692409515,-122.352622986,3,Theft,J1,other
104,W,47.560211182,-122.385482788,3,Drugs,W2,other
105,W,47.560211182,-122.385482788,3,Drugs,W2,other
106,B,47.658306122,-122.322998047,3,Violence,B3,violence
107,B,47.658306122,-122.322998047,3,Violence,B3,violence
108,99,47.501831055,-122.339645386,3,Fraud,99,other
109,E,47.614685059,-122.316848755,3,Violence,E2,violence
110,M,47.611320496,-122.33731842,3,Court Violation,M3,other
111,M,47.611320496,-122.33731842,3,Court Violation,M3,other
112,C,47.621334076,-122.294288635,3,Theft,C3,other
113,N,47.704216003,-122.380622864,3,Theft,N1,other
114,N,47.704216003,-122.380622864,3,Theft,N1,other
115,M,47.611206055,-122.337593079,3,Theft,M2,other
116,M,47.611206055,-122.337593079,3,Theft,M2,other
117,M,47.611206055,-122.337593079,3,Theft,M2,other
118,M,47.611206055,-122.337593079,3,Theft,M2,other
119,W,47.562065125,-122.393478394,3,Theft,W2,other
120,L,47.725608826,-122.296394348,3,Fraud,L1,other
121,G,47.602603912,-122.295982361,3,Fraud,G2,other
122,U,47.66645813,-122.301940918,3,Theft,U1,other
123,U,47.66645813,-122.301940918,3,Theft,U1,other
124,K,47.606086731,-122.33290863,3,Violence,K1,violence
125,M,47.610973358,-122.338150024,3,Theft,M2,other
126,M,47.610973358,-122.338150024,3,Theft,M2,other
127,M,47.610973358,-122.338150024,3,Theft,M2,other
128,M,47.615337372,-122.335945129,3,Public Offense,M2,other
129,M,47.615337372,-122.335945129,3,Public Offense,M2,other
130,L,47.708602905,-122.324615479,3,Theft,L2,other
131,R,47.586917877,-122.302688599,3,Property,R2,other
132,R,47.586917877,-122.302688599,3,Property,R2,other
133,M,47.611320496,-122.33731842,3,Theft,M2,other
134,C,47.617042542,-122.312759399,3,Theft,C1,other
135,C,47.617042542,-122.312759399,3,Theft,C1,other
136,W,47.561092377,-122.383476257,3,Fraud,W2,other
137,W,47.561092377,-122.383476257,3,Fraud,W2,other
138,K,47.590309143,-122.329048157,3,Court Violation,K2,other
139,L,47.69405365,-122.324386597,3,Fraud,L2,other
140,U,47.668991089,-122.311882019,3,Violence,U1,violence
141,L,47.693092346,-122.316246033,3,Fraud,L2,other
142,F,47.525627136,-122.324943542,3,Violence,F3,violence
143,G,47.60477829,-122.31678009,3,Theft,G1,other
144,G,47.60477829,-122.31678009,3,Theft,G1,other
145,W,47.510871887,-122.373771667,3,Theft,W3,other
146,K,47.600883484,-122.333526611,3,Violence,K2,violence
147,K,47.600883484,-122.333526611,3,Violence,K2,violence
148,C,47.622531891,-122.314666748,3,Theft,C1,other
149,C,47.622531891,-122.314666748,3,Theft,C1,other
150,C,47.622531891,-122.314666748,3,Theft,C1,other
151,W,47.567428589,-122.3828125,3,Theft,W2,other
152,E,47.613437653,-122.327362061,3,Violence,E3,violence
153,E,47.613437653,-122.327362061,3,Violence,E3,violence
154,F,47.520133972,-122.369979858,3,Court Violation,F2,other
155,F,47.520133972,-122.369979858,3,Court Violation,F2,other
156,U,47.663970947,-122.309486389,3,Fraud,U1,other
157,D,47.638072968,-122.340820313,3,Property,D2,other
158,F,47.523735046,-122.348007202,3,Public Offense,F3,other
159,F,47.523735046,-122.348007202,3,Public Offense,F3,other
160,N,47.709629059,-122.356819153,3,Theft,N1,other
161,J,47.704349518,-122.352752686,3,Court Violation,J1,other
162,E,47.60982132,-122.326347351,3,Public Offense,E3,other
163,E,47.60982132,-122.326347351,3,Public Offense,E3,other
164,O,47.572704315,-122.334213257,3,Theft,O1,other
165,E,47.61523056,-122.321464539,3,Theft,E2,other
166,K,47.602661133,-122.332847595,3,Violence,K1,violence
167,K,47.602661133,-122.332847595,3,Violence,K1,violence
168,C,47.619689941,-122.302520752,3,Theft,C2,other
169,B,47.661399841,-122.353027344,3,Theft,B2,other
170,D,47.615886688,-122.337875366,3,Property,D2,other
171,R,47.57075882,-122.291007996,3,Fraud,R2,other
172,N,47.694171906,-122.341873169,3,Theft,N3,other
173,L,47.708602905,-122.324615479,3,Theft,L2,other
174,M,47.614505768,-122.33467865,3,Court Violation,M2,other
175,N,47.692024231,-122.348571777,3,Theft,N3,other
176,W,47.561141968,-122.388809204,3,Fraud,W2,other
177,B,47.669589996,-122.335899353,3,Theft,B3,other
178,N,47.722324371,-122.355545044,3,Theft,N1,other
179,R,47.573055267,-122.314819336,3,Theft,R1,other
180,N,47.691291809,-122.345870972,3,Theft,N3,other
181,B,47.650009155,-122.34979248,3,Violence,B2,violence
182,B,47.650009155,-122.34979248,3,Violence,B2,violence
183,D,47.645069122,-122.324623108,3,Theft,D3,other
184,W,47.540122986,-122.375213623,3,Theft,W3,other
185,W,47.540122986,-122.375213623,3,Theft,W3,other
186,J,47.699642181,-122.352706909,3,Theft,J1,other
187,C,47.638729095,-122.304779053,3,Theft,C2,other
188,J,47.690940857,-122.349914551,3,Theft,J1,other
189,J,47.696933746,-122.355369568,3,Property,J1,other
190,J,47.689109802,-122.36466217,3,Theft,J2,other
191,D,47.622543335,-122.331718445,3,Theft,D3,other
192,J,47.693332672,-122.358009338,3,Property,J1,other
193,J,47.698741913,-122.354042053,3,Theft,J1,other
194,C,47.64540863,-122.304611206,3,Theft,C2,other
195,C,47.64540863,-122.304611206,3,Theft,C2,other
196,N,47.705795288,-122.346046448,3,Theft,N3,other
197,C,47.612884521,-122.289306641,3,Theft,C3,other
198,B,47.668819427,-122.332351685,3,Property,B3,other
199,N,47.725036621,-122.344993591,3,Theft,N2,other
200,J,47.672908783,-122.332221985,3,Theft,J3,other
201,J,47.678554535,-122.326835632,3,Theft,J3,other
202,J,47.678554535,-122.326835632,3,Theft,J3,other
203,Q,47.636562347,-122.356948853,3,Theft,Q2,other
204,B,47.661388397,-122.346382141,3,Theft,B3,other
205,F,47.523765564,-122.368667603,3,Theft,F2,other
206,F,47.523765564,-122.368667603,3,Theft,F2,other
207,R,47.5730896,-122.305725098,3,Theft,R1,other
208,M,47.612781525,-122.341545105,3,Property,M2,other
209,U,47.664012909,-122.315254211,3,Theft,U2,other
210,R,47.57509613,-122.31477356,3,Theft,R1,other
211,R,47.57509613,-122.31477356,3,Theft,R1,other
212,R,47.57509613,-122.31477356,3,Theft,R1,other
213,W,47.560211182,-122.385482788,3,Theft,W2,other
214,W,47.560211182,-122.385482788,3,Theft,W2,other
215,N,47.699710846,-122.374099731,3,Theft,N1,other
216,K,47.60004425,-122.335914612,3,Violence,K2,violence
217,K,47.60004425,-122.335914612,3,Violence,K2,violence
218,K,47.60004425,-122.335914612,3,Violence,K2,violence
219,K,47.60004425,-122.335914612,3,Violence,K2,violence
220,K,47.60004425,-122.335914612,3,Violence,K2,violence
221,E,47.619419098,-122.326568604,3,Theft,E1,other
222,E,47.619419098,-122.326568604,3,Theft,E1,other
223,E,47.612110138,-122.320762634,3,Theft,E2,other
224,W,47.546298981,-122.392547607,3,Violence,W3,violence
225,W,47.546298981,-122.392547607,3,Violence,W3,violence
226,E,47.623710632,-122.326591492,3,Property,E1,other
227,E,47.623710632,-122.326591492,3,Property,E1,other
228,E,47.624702454,-122.325317383,3,Violence,E1,violence
229,E,47.624702454,-122.325317383,3,Violence,E1,violence
230,E,47.624702454,-122.325317383,3,Violence,E1,violence
231,C,47.6158638,-122.309494019,3,Violence,C2,violence
232,C,47.6158638,-122.309494019,3,Violence,C2,violence
233,B,47.672367096,-122.38054657,3,Public Offense,B1,other
234,B,47.672367096,-122.38054657,3,Public Offense,B1,other
235,C,47.611579895,-122.301437378,3,Public Offense,C3,other
236,C,47.611579895,-122.301437378,3,Public Offense,C3,other
237,U,47.676700592,-122.308731079,3,Theft,U1,other
238,S,47.529129028,-122.269989014,3,Theft,S2,other
239,S,47.529129028,-122.269989014,3,Theft,S2,other
240,S,47.529129028,-122.269989014,3,Theft,S2,other
241,Q,47.624595642,-122.359977722,3,Property,Q3,other
242,B,47.669509888,-122.357086182,3,Theft,B2,other
243,U,47.662799835,-122.299858093,3,Property,U3,other
244,S,47.503982544,-122.259483337,3,Theft,S3,other
245,S,47.503982544,-122.259483337,3,Theft,S3,other
246,S,47.503982544,-122.259483337,3,Theft,S3,other
247,S,47.503982544,-122.259483337,3,Theft,S3,other
248,M,47.610908508,-122.335014343,3,Theft,M3,other
249,N,47.701393127,-122.362731934,3,Violence,N1,violence
250,C,47.651153564,-122.320892334,3,Theft,C1,other
251,U,47.663566589,-122.318389893,3,Violence,U2,violence
252,U,47.663566589,-122.318389893,3,Violence,U2,violence
253,W,47.560211182,-122.385482788,3,Theft,W2,other
254,W,47.560211182,-122.385482788,3,Theft,W2,other
255,W,47.560211182,-122.385482788,3,Theft,W2,other
256,W,47.560211182,-122.385482788,3,Theft,W2,other
257,B,47.673828125,-122.35534668,3,Theft,B2,other
258,J,47.69065094,-122.366630554,3,Public Offense,J1,other
259,J,47.69065094,-122.366630554,3,Public Offense,J1,other
260,U,47.650062561,-122.304397583,3,Property,U3,other
261,U,47.650062561,-122.304397583,3,Property,U3,other
262,R,47.557041168,-122.285385132,3,Fraud,R3,other
263,J,47.69065094,-122.366630554,3,Theft,J1,other
264,J,47.69065094,-122.366630554,3,Theft,J1,other
265,F,47.544044495,-122.369026184,3,Theft,F1,other
266,F,47.544044495,-122.369026184,3,Theft,F1,other
267,M,47.611904144,-122.335929871,3,Theft,M2,other
268,M,47.610744476,-122.338699341,3,Violence,M2,violence
269,M,47.610744476,-122.338699341,3,Violence,M2,violence
270,M,47.611904144,-122.335929871,3,Theft,M2,other
271,M,47.610744476,-122.338699341,3,Violence,M2,violence
272,M,47.610744476,-122.338699341,3,Violence,M2,violence
273,M,47.610744476,-122.338699341,3,Violence,M2,violence
274,M,47.610744476,-122.338699341,3,Violence,M2,violence
275,B,47.668674469,-122.38886261,3,Property,B1,other
276,B,47.668674469,-122.38886261,3,Property,B1,other
277,E,47.610534668,-122.327003479,3,Public Offense,E3,other
278,S,47.535926819,-122.27003479,3,Theft,S2,other
279,S,47.535926819,-122.27003479,3,Theft,S2,other
280,J,47.68548584,-122.353858948,3,Violence,J3,violence
281,J,47.68548584,-122.353858948,3,Violence,J3,violence
282,W,47.562911987,-122.386772156,3,Theft,W2,other
283,W,47.562911987,-122.386772156,3,Theft,W2,other
284,M,47.610908508,-122.335014343,3,Theft,M3,other
285,J,47.689243317,-122.401802063,3,Theft,J1,other
286,E,47.613235474,-122.329467773,3,Property,E3,other
287,E,47.613235474,-122.329467773,3,Property,E3,other
288,S,47.537044525,-122.282348633,3,Theft,S1,other
289,S,47.537044525,-122.282348633,3,Theft,S1,other
290,S,47.537044525,-122.282348633,3,Theft,S1,other
291,S,47.537044525,-122.282348633,3,Theft,S1,other
292,S,47.537044525,-122.282348633,3,Theft,S1,other
293,S,47.537044525,-122.282348633,3,Theft,S1,other
294,S,47.537044525,-122.282348633,3,Theft,S1,other
295,Q,47.637828827,-122.347099304,3,Theft,Q2,other
296,S,47.538913727,-122.293754578,3,Theft,S1,other
297,S,47.538913727,-122.293754578,3,Theft,S1,other
298,S,47.538913727,-122.293754578,3,Theft,S1,other
299,M,47.610179901,-122.335121155,3,Property,M3,other
300,C,47.651016235,-122.321708679,3,Theft,C1,other
301,C,47.651016235,-122.321708679,3,Theft,C1,other
302,C,47.651016235,-122.321708679,3,Theft,C1,other
303,E,47.614685059,-122.316848755,3,TRAFFIC,E2,other
304,K,47.600475311,-122.331573486,3,Theft,K2,other
305,K,47.606445313,-122.333236694,3,Drugs,K1,other
306,D,47.640960693,-122.342536926,3,Property,D2,other
307,W,47.569236755,-122.371818542,3,Fraud,W1,other
308,M,47.60925293,-122.337341309,3,Public Offense,M3,other
309,M,47.60925293,-122.337341309,3,Public Offense,M3,other
310,B,47.663585663,-122.347946167,3,Fraud,B2,other
311,B,47.663585663,-122.347946167,3,Fraud,B2,other
312,B,47.663585663,-122.347946167,3,Fraud,B2,other
313,B,47.669448853,-122.38054657,3,Theft,B1,other
314,C,47.61158371,-122.302085876,3,Violence,C3,violence
315,C,47.61158371,-122.302085876,3,Violence,C3,violence
316,C,47.61158371,-122.302085876,3,Violence,C3,violence
317,C,47.61158371,-122.302085876,3,Violence,C3,violence
318,C,47.61158371,-122.302085876,3,Violence,C3,violence
319,D,47.616634369,-122.352027893,3,Theft,D1,other
320,W,47.558353424,-122.376235962,3,Public Offense,W2,other
321,W,47.558353424,-122.376235962,3,Public Offense,W2,other
322,R,47.579673767,-122.299156189,3,Violence,R2,violence
323,R,47.579673767,-122.299156189,3,Violence,R2,violence
324,R,47.579673767,-122.299156189,3,Violence,R2,violence
325,R,47.579673767,-122.299156189,3,Violence,R2,violence
326,W,47.54743576,-122.377731323,3,Public Offense,W3,other
327,W,47.54743576,-122.377731323,3,Public Offense,W3,other
328,S,47.520141602,-122.272544861,3,Theft,S3,other
329,S,47.520141602,-122.272544861,3,Theft,S3,other
330,B,47.673873901,-122.353614807,3,Fraud,B2,other
331,J,47.692405701,-122.351295471,3,Theft,J1,other
332,J,47.692405701,-122.351295471,3,Theft,J1,other
333,Q,47.651237488,-122.385978699,3,Theft,Q1,other
334,C,47.611579895,-122.301437378,3,Public Offense,C3,other
335,K,47.606800079,-122.333564758,3,Theft,K1,other
336,W,47.549232483,-122.376350403,3,Theft,W2,other
337,W,47.549232483,-122.376350403,3,Theft,W2,other
338,W,47.549232483,-122.376350403,3,Theft,W2,other
339,W,47.549232483,-122.376350403,3,Theft,W2,other
340,L,47.702270508,-122.328514099,3,Theft,L2,other
341,B,47.651626587,-122.344009399,3,Theft,B3,other
342,Q,47.632728577,-122.348434448,3,Theft,Q2,other
343,B,47.651626587,-122.344009399,3,Theft,B3,other
344,R,47.579673767,-122.299156189,3,Public Offense,R2,other
345,R,47.579673767,-122.299156189,3,Public Offense,R2,other
346,R,47.579673767,-122.299156189,3,Public Offense,R2,other
347,R,47.579673767,-122.299156189,3,Public Offense,R2,other
348,W,47.558353424,-122.376235962,3,Property,W2,other
349,W,47.558353424,-122.376235962,3,Fraud,W2,other
350,Q,47.624576569,-122.354751587,3,Public Offense,Q3,other
351,Q,47.624576569,-122.354751587,3,Public Offense,Q3,other
352,W,47.579982758,-122.407051086,3,Public Offense,W1,other
353,W,47.579982758,-122.407051086,3,Public Offense,W1,other
354,M,47.610683441,-122.341957092,3,Theft,M1,other
355,R,47.571922302,-122.304908752,3,Fraud,R1,other
356,M,47.610683441,-122.341957092,3,Theft,M1,other
357,R,47.571922302,-122.304908752,3,Fraud,R1,other
358,M,47.610683441,-122.341957092,3,Theft,M1,other
359,M,47.610683441,-122.341957092,3,Theft,M1,other
360,M,47.610683441,-122.341957092,3,Theft,M1,other
361,L,47.708560944,-122.317855835,3,Violence,L1,violence
362,L,47.708560944,-122.317855835,3,Violence,L1,violence
363,N,47.7018013,-122.347343445,3,Property,N3,other
364,N,47.7018013,-122.347343445,3,Property,N3,other
365,N,47.7018013,-122.347343445,3,Property,N3,other
366,N,47.7018013,-122.347343445,3,Property,N3,other
367,K,47.605052948,-122.33656311,3,Theft,K1,other
368,K,47.605052948,-122.33656311,3,Theft,K1,other
369,K,47.605052948,-122.33656311,3,Theft,K1,other
370,U,47.662162781,-122.309509277,3,Property,U1,other
371,K,47.590309143,-122.329048157,3,Court Violation,K2,other
372,K,47.590309143,-122.329048157,3,Court Violation,K2,other
373,K,47.590309143,-122.329048157,3,Court Violation,K2,other
374,K,47.590309143,-122.329048157,3,Court Violation,K2,other
375,K,47.590309143,-122.329048157,3,Court Violation,K2,other
376,K,47.603694916,-122.329185486,3,Public Offense,K1,other
377,K,47.603694916,-122.329185486,3,Public Offense,K1,other
378,F,47.518192291,-122.34160614,3,Property,F3,other
379,Q,47.65568161,-122.386238098,3,Property,Q1,other
380,Q,47.65568161,-122.386238098,3,Property,Q1,other
381,W,47.568424225,-122.370765686,3,Theft,W1,other
382,W,47.568424225,-122.370765686,3,Theft,W1,other
383,W,47.568424225,-122.370765686,3,Theft,W1,other
384,Q,47.640037537,-122.398979187,3,Property,Q1,other
385,U,47.686676025,-122.307312012,3,Theft,U1,other
386,O,47.587200165,-122.325973511,3,Theft,O1,other
387,O,47.587200165,-122.325973511,3,Theft,O1,other
388,O,47.576652527,-122.334205627,3,Property,O1,other
389,O,47.576652527,-122.334205627,3,Property,O1,other
390,Q,47.637699127,-122.389678955,3,Theft,Q1,other
391,N,47.691295624,-122.347213745,3,Theft,N3,other
392,N,47.691295624,-122.347213745,3,Theft,N3,other
393,N,47.691295624,-122.347213745,3,Theft,N3,other
394,N,47.691295624,-122.347213745,3,Theft,N3,other
395,N,47.691295624,-122.347213745,3,Theft,N3,other
396,R,47.584098816,-122.30255127,3,Theft,R2,other
397,R,47.584098816,-122.30255127,3,Theft,R2,other
398,R,47.584098816,-122.30255127,3,Theft,R2,other
399,R,47.584098816,-122.30255127,3,Theft,R2,other
400,R,47.584098816,-122.30255127,3,Theft,R2,other
401,L,47.726570129,-122.303665161,3,Fraud,L1,other
402,L,47.726570129,-122.303665161,3,Fraud,L1,other
403,L,47.726570129,-122.303665161,3,Fraud,L1,other
404,L,47.726570129,-122.303665161,3,Fraud,L1,other
405,B,47.662246704,-122.324020386,3,Theft,B3,other
406,B,47.662246704,-122.324020386,3,Theft,B3,other
407,Q,47.658493042,-122.400894165,3,Fraud,Q1,other
408,E,47.616172791,-122.327888489,3,Theft,E1,other
409,E,47.616172791,-122.327888489,3,Theft,E1,other
410,J,47.689243317,-122.401802063,3,Theft,J1,other
411,J,47.689243317,-122.401802063,3,Theft,J1,other
412,J,47.68031311,-122.35395813,3,Theft,J3,other
413,W,47.562007904,-122.386779785,3,Theft,W2,other
414,J,47.689243317,-122.401802063,3,Property,J1,other
415,N,47.712310791,-122.342124939,3,Court Violation,N2,other
416,O,47.571327209,-122.339668274,3,Court Violation,O2,other
417,L,47.703556061,-122.317756653,3,Fraud,L2,other
418,L,47.703556061,-122.317756653,3,Fraud,L2,other
419,C,47.619960785,-122.313911438,3,Theft,C1,other
420,C,47.619960785,-122.313911438,3,Theft,C1,other
421,B,47.672828674,-122.354377747,3,Theft,B2,other
422,B,47.672828674,-122.354377747,3,Theft,B2,other
423,B,47.672828674,-122.354377747,3,Theft,B2,other
424,B,47.672828674,-122.354377747,3,Theft,B2,other
425,R,47.563457489,-122.288009644,3,Theft,R3,other
426,R,47.563457489,-122.288009644,3,Theft,R3,other
427,R,47.563457489,-122.288009644,3,Theft,R3,other
428,R,47.563457489,-122.288009644,3,Theft,R3,other
429,R,47.563457489,-122.288009644,3,Theft,R3,other
430,K,47.60477066,-122.330169678,3,Theft,K1,other
431,K,47.60477066,-122.330169678,3,Theft,K1,other
432,K,47.60477066,-122.330169678,3,Theft,K1,other
433,B,47.673290253,-122.358474731,3,Theft,B2,other
434,B,47.673290253,-122.358474731,3,Theft,B2,other
435,R,47.579673767,-122.299156189,3,Public Offense,R2,other
436,R,47.579673767,-122.299156189,3,Public Offense,R2,other
437,G,47.605705261,-122.319412231,3,Public Offense,G1,other
438,G,47.605705261,-122.319412231,3,Public Offense,G1,other
439,L,47.73102951,-122.29234314,3,Violence,L3,violence
440,L,47.73102951,-122.29234314,3,Violence,L3,violence
441,D,47.633968353,-122.342285156,3,Theft,D2,other
442,D,47.633968353,-122.342285156,3,Theft,D2,other
443,N,47.702167511,-122.348693848,3,Theft,N3,other
444,N,47.727313995,-122.347717285,3,Public Offense,N2,other
445,U,47.661792755,-122.298866272,3,Theft,U3,other
446,U,47.661792755,-122.298866272,3,Theft,U3,other
447,U,47.661792755,-122.298866272,3,Theft,U3,other
448,N,47.725040436,-122.347930908,3,Fraud,N2,other
449,N,47.725040436,-122.347930908,3,Fraud,N2,other
450,N,47.712310791,-122.342124939,3,Court Violation,N2,other
451,N,47.712310791,-122.342124939,3,Court Violation,N2,other
452,B,47.660316467,-122.340675354,3,Property,B3,other
453,B,47.660316467,-122.340675354,3,Property,B3,other
454,N,47.700073242,-122.34463501,3,Property,N3,other
455,N,47.700073242,-122.34463501,3,Property,N3,other
456,K,47.597381592,-122.334190369,3,Theft,K2,other
457,K,47.597381592,-122.334190369,3,Theft,K2,other
458,U,47.661258698,-122.31199646,3,Violence,U2,violence
459,U,47.661258698,-122.31199646,3,Violence,U2,violence
460,S,47.534667969,-122.269989014,3,Court Violation,S2,other
461,K,47.602787018,-122.333724976,3,Public Offense,K1,other
462,C,47.611473083,-122.304992676,3,Theft,C3,other
463,B,47.66135788,-122.327758789,3,Public Offense,B3,other
464,B,47.66135788,-122.327758789,3,Public Offense,B3,other
465,N,47.720481873,-122.344947815,3,Fraud,N2,other
466,N,47.720481873,-122.344947815,3,Fraud,N2,other
467,N,47.720481873,-122.344947815,3,Fraud,N2,other
468,Q,47.65271759,-122.394218445,3,Fraud,Q1,other
469,Q,47.65271759,-122.394218445,3,Fraud,Q1,other
470,U,47.658485413,-122.31879425,3,Public Offense,U2,other
471,U,47.658485413,-122.31879425,3,Public Offense,U2,other
472,J,47.68050766,-122.325965881,3,Theft,J3,other
473,U,47.674766541,-122.309249878,3,Property,U1,other
474,R,47.586616516,-122.300308228,3,Violence,R2,violence
475,B,47.65669632,-122.330825806,3,Theft,B3,other
476,B,47.65669632,-122.330825806,3,Theft,B3,other
477,U,47.662181854,-122.313117981,3,Court Violation,U2,other
478,Q,47.62154007,-122.360649109,3,Theft,Q3,other
479,Q,47.62154007,-122.360649109,3,Theft,Q3,other
480,Q,47.62154007,-122.360649109,3,Theft,Q3,other
481,Q,47.62154007,-122.360649109,3,Theft,Q3,other
482,G,47.599243164,-122.308311462,3,Theft,G2,other
483,G,47.599243164,-122.308311462,3,Theft,G2,other
484,R,47.553398132,-122.278091431,3,Violence,R3,violence
485,R,47.553398132,-122.278091431,3,Violence,R3,violence
486,B,47.665981293,-122.357124329,3,Theft,B2,other
487,B,47.665981293,-122.357124329,3,Theft,B2,other
488,S,47.519851685,-122.268028259,3,Theft,S3,other
489,S,47.519851685,-122.268028259,3,Theft,S3,other
490,U,47.674766541,-122.309249878,3,Property,U1,other
491,U,47.674766541,-122.309249878,3,Property,U1,other
492,W,47.56407547,-122.376815796,3,TRAFFIC,W2,other
493,M,47.612770081,-122.330581665,3,Theft,M2,other
494,M,47.612770081,-122.330581665,3,Theft,M2,other
495,G,47.599269867,-122.30381012,3,Property,G3,other
496,G,47.599269867,-122.30381012,3,Property,G3,other
497,Q,47.642570496,-122.363578796,3,Theft,Q2,other
498,Q,47.642570496,-122.363578796,3,Theft,Q2,other
499,Q,47.654735565,-122.385993958,3,Theft,Q1,other
500,Q,47.654735565,-122.385993958,3,Theft,Q1,other
501,J,47.697208405,-122.368721008,3,Theft,J1,other
502,J,47.697208405,-122.368721008,3,Theft,J1,other
503,Q,47.62392807,-122.356712341,3,Public Offense,Q3,other
504,Q,47.62392807,-122.356712341,3,Public Offense,Q3,other
505,C,47.61158371,-122.302085876,3,Public Offense,C3,other
506,C,47.61158371,-122.302085876,3,Public Offense,C3,other
507,Q,47.630020142,-122.360527039,3,Theft,Q2,other
508,Q,47.630020142,-122.360527039,3,Theft,Q2,other
509,Q,47.630020142,-122.360527039,3,Theft,Q2,other
510,C,47.646266937,-122.317070007,3,Theft,C1,other
511,C,47.646266937,-122.317070007,3,Theft,C1,other
512,U,47.664012909,-122.315254211,3,Violence,U2,violence
513,U,47.664012909,-122.315254211,3,Violence,U2,violence
514,B,47.664382935,-122.367401123,3,Property,B2,other
515,B,47.664382935,-122.367401123,3,Property,B2,other
516,R,47.55828476,-122.316101074,3,Theft,R1,other
517,J,47.6913414,-122.371398926,3,Theft,J1,other
518,J,47.6913414,-122.371398926,3,Theft,J1,other
519,J,47.6913414,-122.371398926,3,Theft,J1,other
520,O,47.588783264,-122.329048157,3,Property,O1,other
521,D,47.615222931,-122.33379364,3,Violence,D2,violence
522,O,47.588783264,-122.329048157,3,Property,O1,other
523,D,47.615222931,-122.33379364,3,Violence,D2,violence
524,O,47.588783264,-122.329048157,3,Property,O1,other
525,O,47.588783264,-122.329048157,3,Property,O1,other
526,D,47.615222931,-122.33379364,3,Violence,D2,violence
527,S,47.540672302,-122.278083801,3,Theft,S2,other
528,S,47.540672302,-122.278083801,3,Theft,S2,other
529,G,47.597911835,-122.313079834,3,Property,G3,other
530,G,47.597911835,-122.313079834,3,Property,G3,other
531,M,47.612770081,-122.330581665,3,Theft,M2,other
532,M,47.612770081,-122.330581665,3,Theft,M2,other
533,M,47.612770081,-122.330581665,3,Theft,M2,other
534,E,47.61523819,-122.320404053,3,Public Offense,E2,other
535,E,47.61523819,-122.320404053,3,Public Offense,E2,other
536,D,47.61365509,-122.345001221,3,Theft,D1,other
537,D,47.61365509,-122.345001221,3,Theft,D1,other
538,W,47.537521362,-122.392967224,3,Theft,W3,other
539,W,47.537521362,-122.392967224,3,Theft,W3,other
540,N,47.696872711,-122.337615967,3,Theft,N3,other
541,Q,47.648464203,-122.378189087,3,Theft,Q1,other
542,Q,47.648464203,-122.378189087,3,Theft,Q1,other
543,D,47.617408752,-122.349365234,3,Violence,D1,violence
544,D,47.617408752,-122.349365234,3,Violence,D1,violence
545,B,47.670188904,-122.38886261,3,Fraud,B1,other
546,R,47.586906433,-122.299072266,3,Theft,R2,other
547,R,47.586906433,-122.299072266,3,Theft,R2,other
548,R,47.586906433,-122.299072266,3,Theft,R2,other
549,R,47.586906433,-122.299072266,3,Theft,R2,other
550,M,47.610214233,-122.336685181,3,Court Violation,M3,other
551,G,47.608257294,-122.297401428,3,Theft,G2,other
552,G,47.608257294,-122.297401428,3,Theft,G2,other
553,G,47.608257294,-122.297401428,3,Theft,G2,other
554,J,47.695114136,-122.352653503,3,Theft,J1,other
555,J,47.695114136,-122.352653503,3,Theft,J1,other
556,J,47.695114136,-122.352653503,3,Theft,J1,other
557,B,47.674289703,-122.406364441,3,Drugs,B1,other
558,Q,47.655555725,-122.371353149,3,Property,Q2,other
559,Q,47.655555725,-122.371353149,3,Property,Q2,other
560,D,47.64087677,-122.324676514,3,Theft,D3,other
561,D,47.617328644,-122.333366394,3,Public Offense,D3,other
562,D,47.617328644,-122.333366394,3,Public Offense,D3,other
563,D,47.617328644,-122.333366394,3,Public Offense,D3,other
564,D,47.617328644,-122.333366394,3,Public Offense,D3,other
565,D,47.617328644,-122.333366394,3,Public Offense,D3,other
566,E,47.622558594,-122.320915222,3,Public Offense,E1,other
567,D,47.615882874,-122.332939148,3,Theft,D2,other
568,E,47.622558594,-122.320915222,3,Public Offense,E1,other
569,E,47.608657837,-122.320755005,3,Violence,E3,violence
570,E,47.608657837,-122.320755005,3,Violence,E3,violence
571,U,47.667484283,-122.311897278,3,Theft,U1,other
572,J,47.677532196,-122.327789307,3,Theft,J3,other
573,J,47.677532196,-122.327789307,3,Theft,J3,other
574,J,47.677532196,-122.327789307,3,Theft,J3,other
575,M,47.613162994,-122.342193604,3,Theft,M2,other
576,M,47.613162994,-122.342193604,3,Theft,M2,other
577,C,47.638729095,-122.304779053,3,Theft,C2,other
578,C,47.638729095,-122.304779053,3,Theft,C2,other
579,C,47.638729095,-122.304779053,3,Theft,C2,other
580,C,47.638729095,-122.304779053,3,Theft,C2,other
581,C,47.638729095,-122.304779053,3,Theft,C2,other
582,C,47.638729095,-122.304779053,3,Theft,C2,other
583,F,47.531955719,-122.342384338,3,Theft,F3,other
584,F,47.531955719,-122.342384338,3,Theft,F3,other
585,F,47.531955719,-122.342384338,3,Theft,F3,other
586,F,47.531955719,-122.342384338,3,Theft,F3,other
587,F,47.531955719,-122.342384338,3,Theft,F3,other
588,N,47.696353912,-122.34324646,3,Theft,N3,other
589,R,47.565151215,-122.284980774,3,Theft,R3,other
590,R,47.565151215,-122.284980774,3,Theft,R3,other
591,J,47.687664032,-122.348564148,3,Theft,J3,other
592,D,47.616695404,-122.342216492,3,Theft,D2,other
593,D,47.616695404,-122.342216492,3,Theft,D2,other
594,D,47.612888336,-122.343704224,3,Theft,D1,other
595,D,47.612888336,-122.343704224,3,Theft,D1,other
596,D,47.612888336,-122.343704224,3,Theft,D1,other
597,D,47.612888336,-122.343704224,3,Theft,D1,other
598,N,47.723262787,-122.360954285,3,Theft,N1,other
599,N,47.723262787,-122.360954285,3,Theft,N1,other
600,E,47.619354248,-122.316917419,3,Theft,E1,other
601,E,47.619354248,-122.316917419,3,Theft,E1,other
602,O,47.544872284,-122.319793701,3,Property,O3,other
603,O,47.544872284,-122.319793701,3,Property,O3,other
604,B,47.669460297,-122.39151001,3,Theft,B1,other
605,B,47.669460297,-122.39151001,3,Theft,B1,other
606,M,47.61044693,-122.336128235,3,Public Offense,M3,other
607,M,47.61044693,-122.336128235,3,Public Offense,M3,other
608,M,47.61044693,-122.336128235,3,Public Offense,M3,other
609,M,47.61044693,-122.336128235,3,Public Offense,M3,other
610,S,47.519851685,-122.268028259,3,Theft,S3,other
611,S,47.519851685,-122.268028259,3,Theft,S3,other
612,S,47.519851685,-122.268028259,3,Theft,S3,other
613,S,47.519851685,-122.268028259,3,Theft,S3,other
614,S,47.519851685,-122.268028259,3,Theft,S3,other
615,B,47.665725708,-122.326950073,3,Property,B3,other
616,B,47.665725708,-122.326950073,3,Property,B3,other
617,B,47.665725708,-122.326950073,3,Property,B3,other
618,B,47.665725708,-122.326950073,3,Property,B3,other
619,B,47.665725708,-122.326950073,3,Property,B3,other
620,J,47.689620972,-122.339126587,3,Public Offense,J3,other
621,J,47.689620972,-122.339126587,3,Public Offense,J3,other
622,B,47.669460297,-122.39151001,3,Fraud,B1,other
623,B,47.669460297,-122.39151001,3,Fraud,B1,other
624,C,47.618270874,-122.299873352,3,Property,C3,other
625,C,47.618270874,-122.299873352,3,Property,C3,other
626,S,47.517177582,-122.259346008,3,Theft,S3,other
627,S,47.517177582,-122.259346008,3,Theft,S3,other
628,J,47.690631866,-122.361984253,3,Theft,J1,other
629,J,47.690631866,-122.361984253,3,Theft,J1,other
630,J,47.690631866,-122.361984253,3,Theft,J1,other
631,J,47.690631866,-122.361984253,3,Theft,J1,other
632,K,47.599197388,-122.328971863,3,Theft,K3,other
633,K,47.599197388,-122.328971863,3,Theft,K3,other
634,K,47.599197388,-122.328971863,3,Theft,K3,other
635,K,47.599197388,-122.328971863,3,Theft,K3,other
636,K,47.599197388,-122.328971863,3,Theft,K3,other
637,K,47.599197388,-122.328971863,3,Theft,K3,other
638,K,47.599197388,-122.328971863,3,Theft,K3,other
639,K,47.599197388,-122.328971863,3,Theft,K3,other
640,S,47.523880005,-122.264595032,3,Violence,S2,violence
641,S,47.523880005,-122.264595032,3,Violence,S2,violence
642,S,47.523880005,-122.264595032,3,Violence,S2,violence
643,S,47.523880005,-122.264595032,3,Violence,S2,violence
644,B,47.661384583,-122.333129883,3,Theft,B3,other
645,J,47.677806854,-122.375648499,3,Theft,J2,other
646,J,47.677806854,-122.375648499,3,Theft,J2,other
647,J,47.677806854,-122.375648499,3,Theft,J2,other
648,M,47.60925293,-122.337341309,3,Theft,M3,other
649,M,47.60925293,-122.337341309,3,Theft,M3,other
650,M,47.60925293,-122.337341309,3,Theft,M3,other
651,W,47.556079865,-122.386924744,3,Theft,W2,other
652,W,47.556079865,-122.386924744,3,Theft,W2,other
653,L,47.699546814,-122.328475952,3,Theft,L2,other
654,L,47.699546814,-122.328475952,3,Theft,L2,other
655,C,47.616477966,-122.300727844,3,Theft,C3,other
656,C,47.616477966,-122.300727844,3,Theft,C3,other
657,N,47.708660126,-122.333992004,3,Public Offense,N3,other
658,N,47.708660126,-122.333992004,3,Public Offense,N3,other
659,N,47.708660126,-122.333992004,3,Public Offense,N3,other
660,N,47.708660126,-122.333992004,3,Public Offense,N3,other
661,D,47.643836975,-122.323371887,3,Theft,D3,other
662,D,47.643836975,-122.323371887,3,Theft,D3,other
663,U,47.657516479,-122.31829834,3,Theft,U2,other
664,U,47.657516479,-122.31829834,3,Theft,U2,other
665,U,47.679462433,-122.316543579,3,Property,U1,other
666,B,47.655406952,-122.351806641,3,Property,B2,other
667,B,47.655406952,-122.351119995,3,Property,B2,other
668,B,47.655406952,-122.351119995,3,Property,B2,other
669,B,47.655406952,-122.351119995,3,Property,B2,other
670,K,47.603126526,-122.331733704,3,Fraud,K1,other
671,K,47.603126526,-122.331733704,3,Fraud,K1,other
672,K,47.602149963,-122.33417511,3,Public Offense,K1,other
673,K,47.602149963,-122.33417511,3,Public Offense,K1,other
674,K,47.600463867,-122.330810547,3,Violence,K3,violence
675,K,47.600463867,-122.330810547,3,Violence,K3,violence
676,F,47.545635223,-122.375068665,3,Property,F1,other
677,F,47.545635223,-122.375068665,3,Property,F1,other
678,F,47.53188324,-122.366516113,3,Property,F2,other
679,F,47.53188324,-122.366516113,3,Property,F2,other
680,K,47.602149963,-122.33417511,3,Fraud,K1,other
681,K,47.602149963,-122.33417511,3,Fraud,K1,other
682,J,47.693313599,-122.35395813,3,Theft,J1,other
683,J,47.693313599,-122.35395813,3,Theft,J1,other
684,O,47.583976746,-122.329055786,3,Court Violation,O1,other
685,D,47.616641998,-122.354026794,3,Theft,D1,other
686,D,47.616641998,-122.354026794,3,Theft,D1,other
687,D,47.616641998,-122.354026794,3,Theft,D1,other
688,Q,47.648040771,-122.353904724,3,Property,Q2,other
689,Q,47.648040771,-122.353904724,3,Property,Q2,other
690,L,47.708602905,-122.324615479,3,Theft,L2,other
691,G,47.600566864,-122.294998169,3,Property,G3,other
692,L,47.708602905,-122.324615479,3,Theft,L2,other
693,L,47.708602905,-122.324615479,3,Theft,L2,other
694,L,47.708602905,-122.324615479,3,Theft,L2,other
695,G,47.600566864,-122.294998169,3,Property,G3,other
696,L,47.708602905,-122.324615479,3,Theft,L2,other
697,L,47.708602905,-122.324615479,3,Theft,L2,other
698,C,47.624443054,-122.311958313,3,Property,C1,other
699,C,47.624443054,-122.311958313,3,Property,C1,other
700,E,47.617038727,-122.325553894,3,Violence,E1,violence
701,E,47.617038727,-122.325553894,3,Violence,E1,violence
702,C,47.635837555,-122.279640198,3,Public Offense,C2,other
703,C,47.635837555,-122.279640198,3,Public Offense,C2,other
704,W,47.545703888,-122.381866455,3,Property,W3,other
705,Q,47.631408691,-122.345611572,3,Property,Q2,other
706,Q,47.631408691,-122.345611572,3,Property,Q2,other
707,O,47.544872284,-122.319793701,3,Property,O3,other
708,R,47.570674896,-122.28993988,3,Public Offense,R2,other
709,W,47.51468277,-122.380584717,3,Theft,W3,other
710,K,47.597515106,-122.325714111,3,Fraud,K3,other
711,K,47.597515106,-122.325714111,3,Fraud,K3,other
712,K,47.597515106,-122.325714111,3,Fraud,K3,other
713,B,47.659004211,-122.347335815,3,Public Offense,B2,other
714,B,47.659004211,-122.347335815,3,Public Offense,B2,other
715,L,47.708587646,-122.321914673,3,Theft,L2,other
716,K,47.602012634,-122.332252502,3,Theft,K2,other
717,K,47.602012634,-122.332252502,3,Theft,K2,other
718,K,47.602012634,-122.332252502,3,Theft,K2,other
719,J,47.676441193,-122.346603394,3,Property,J3,other
720,J,47.691524506,-122.375457764,3,Theft,J1,other
721,J,47.691524506,-122.375457764,3,Theft,J1,other
722,F,47.518276215,-122.355155945,3,TRAFFIC,F3,other
723,F,47.518276215,-122.355155945,3,TRAFFIC,F3,other
724,F,47.518276215,-122.355155945,3,TRAFFIC,F3,other
725,M,47.610401154,-122.343475342,3,Public Offense,M1,other
726,M,47.610401154,-122.343475342,3,Public Offense,M1,other
727,C,47.622528076,-122.31363678,3,Theft,C1,other
728,C,47.622528076,-122.31363678,3,Theft,C1,other
729,C,47.622528076,-122.31363678,3,Theft,C1,other
730,C,47.622528076,-122.31363678,3,Theft,C1,other
731,C,47.622528076,-122.31363678,3,Theft,C1,other
732,W,47.553882599,-122.386253357,3,Theft,W2,other
733,W,47.553882599,-122.386253357,3,Theft,W2,other
734,J,47.693305969,-122.351272583,3,Theft,J1,other
735,D,47.64087677,-122.324676514,3,Property,D3,other
736,M,47.60925293,-122.337341309,3,Public Offense,M3,other
737,N,47.705066681,-122.349395752,3,Fraud,N3,other
738,M,47.60925293,-122.337341309,3,Public Offense,M3,other
739,N,47.705066681,-122.349395752,3,Fraud,N3,other
740,N,47.705066681,-122.349395752,3,Fraud,N3,other
741,N,47.705066681,-122.349395752,3,Fraud,N3,other
742,J,47.687664032,-122.348564148,3,Theft,J3,other
743,J,47.687664032,-122.348564148,3,Theft,J3,other
744,K,47.601715088,-122.33026886,3,Public Offense,K2,other
745,K,47.601715088,-122.33026886,3,Public Offense,K2,other
746,E,47.616340637,-122.326789856,3,Theft,E1,other
747,E,47.616340637,-122.326789856,3,Theft,E1,other
748,M,47.612102509,-122.333808899,3,Property,M2,other
749,M,47.612102509,-122.333808899,3,Property,M2,other
750,D,47.614269257,-122.343063354,3,Theft,D1,other
751,D,47.614269257,-122.343063354,3,Theft,D1,other
752,D,47.614269257,-122.343063354,3,Theft,D1,other
753,B,47.667945862,-122.337432861,3,Theft,B3,other
754,B,47.667945862,-122.337432861,3,Theft,B3,other
755,K,47.601718903,-122.333900452,3,Theft,K1,other
756,M,47.60925293,-122.337341309,3,Violence,M3,violence
757,M,47.60925293,-122.337341309,3,Violence,M3,violence
758,K,47.599617004,-122.328964233,3,Violence,K3,violence
759,K,47.599617004,-122.328964233,3,Violence,K3,violence
760,K,47.599617004,-122.328964233,3,Violence,K3,violence
761,C,47.612789154,-122.286010742,3,Property,C3,other
762,C,47.612789154,-122.286010742,3,Property,C3,other
763,J,47.679168701,-122.355316162,3,Property,J3,other
764,J,47.679168701,-122.355316162,3,Property,J3,other
765,J,47.679168701,-122.355316162,3,Property,J3,other
766,J,47.679168701,-122.355316162,3,Property,J3,other
767,J,47.679168701,-122.355316162,3,Property,J3,other
768,J,47.679168701,-122.355316162,3,Property,J3,other
769,B,47.668682098,-122.333648682,3,Violence,B3,violence
770,B,47.668682098,-122.333648682,3,Violence,B3,violence
771,G,47.599277496,-122.300514221,3,Public Offense,G3,other
772,G,47.599277496,-122.300514221,3,Public Offense,G3,other
773,Q,47.660671234,-122.392852783,3,Public Offense,Q1,other
774,Q,47.660671234,-122.392852783,3,Public Offense,Q1,other
775,B,47.663848877,-122.33013916,3,Theft,B3,other
776,B,47.663848877,-122.33013916,3,Theft,B3,other
777,Q,47.658325195,-122.40460968,3,Court Violation,Q1,other
778,Q,47.658325195,-122.40460968,3,Court Violation,Q1,other
779,C,47.62493515,-122.28754425,3,Fraud,C3,other
780,C,47.62493515,-122.28754425,3,Fraud,C3,other
781,W,47.558429718,-122.390899658,3,Theft,W2,other
782,W,47.558429718,-122.390899658,3,Theft,W2,other
783,J,47.688026428,-122.347213745,3,Theft,J3,other
784,J,47.688026428,-122.347213745,3,Theft,J3,other
785,W,47.56407547,-122.374198914,3,Property,W2,other
786,L,47.703556061,-122.317756653,3,Theft,L2,other
787,L,47.703556061,-122.317756653,3,Theft,L2,other
788,L,47.703556061,-122.317756653,3,Theft,L2,other
789,C,47.635471344,-122.320091248,3,Property,C1,other
790,C,47.635471344,-122.320091248,3,Property,C1,other
791,G,47.598342896,-122.318435669,3,Public Offense,G1,other
792,G,47.598342896,-122.318435669,3,Public Offense,G1,other
793,W,47.5820961,-122.386512756,3,Violence,W1,violence
794,W,47.5820961,-122.386512756,3,Violence,W1,violence
795,G,47.604839325,-122.32409668,3,Violence,G1,violence
796,G,47.604839325,-122.32409668,3,Violence,G1,violence
797,R,47.580993652,-122.308456421,3,Theft,R1,other
798,R,47.580993652,-122.308456421,3,Theft,R1,other
799,B,47.650161743,-122.344749451,3,Violence,B3,violence
800,B,47.650161743,-122.344749451,3,Violence,B3,violence
801,O,47.541934967,-122.329185486,3,Theft,O3,other
802,O,47.541934967,-122.329185486,3,Theft,O3,other
803,O,47.541934967,-122.329185486,3,Theft,O3,other
804,F,47.527332306,-122.327026367,3,Property,F3,other
805,F,47.527332306,-122.327026367,3,Property,F3,other
806,F,47.527332306,-122.327026367,3,Property,F3,other
807,B,47.661384583,-122.335075378,3,Theft,B3,other
808,B,47.661384583,-122.335075378,3,Theft,B3,other
809,D,47.645381927,-122.327285767,3,Property,D3,other
810,K,47.600879669,-122.332878113,3,Violence,K2,violence
811,K,47.600879669,-122.332878113,3,Violence,K2,violence
812,N,47.693210602,-122.337814331,3,Theft,N3,other
813,N,47.693210602,-122.337814331,3,Theft,N3,other
814,N,47.693210602,-122.337814331,3,Theft,N3,other
815,N,47.693210602,-122.337814331,3,Theft,N3,other
816,N,47.693210602,-122.337814331,3,Theft,N3,other
817,U,47.65945816,-122.318267822,3,Theft,U2,other
818,U,47.65945816,-122.318267822,3,Theft,U2,other
819,K,47.605621338,-122.334022522,3,Property,K1,other
820,D,47.618518829,-122.335319519,3,Theft,D2,other
821,D,47.618518829,-122.335319519,3,Theft,D2,other
822,R,47.555652618,-122.272636414,3,Property,R3,other
823,R,47.555652618,-122.272636414,3,Property,R3,other
824,R,47.555652618,-122.272636414,3,Property,R3,other
825,R,47.555652618,-122.272636414,3,Property,R3,other
826,E,47.616409302,-122.320037842,3,Fraud,E2,other
827,C,47.638729095,-122.304779053,3,Theft,C2,other
828,E,47.616409302,-122.320037842,3,Fraud,E2,other
829,E,47.616409302,-122.320037842,3,Fraud,E2,other
830,D,47.638748169,-122.342353821,3,Theft,D2,other
831,R,47.558185577,-122.280105591,3,Theft,R3,other
832,R,47.558185577,-122.280105591,3,Theft,R3,other
833,R,47.558185577,-122.280105591,3,Theft,R3,other
834,J,47.68012619,-122.363334656,3,Theft,J2,other
835,O,47.58146286,-122.321395874,3,Theft,O1,other
836,O,47.58146286,-122.321395874,3,Theft,O1,other
837,G,47.602313995,-122.284988403,3,Violence,G2,violence
838,G,47.602313995,-122.284988403,3,Violence,G2,violence
839,J,47.691516876,-122.377883911,3,Theft,J1,other
840,J,47.691516876,-122.377883911,3,Theft,J1,other
841,B,47.656826019,-122.338027954,3,Theft,B3,other
842,B,47.656826019,-122.338027954,3,Theft,B3,other
843,N,47.700523376,-122.344642639,3,Court Violation,N3,other
844,N,47.700523376,-122.344642639,3,Court Violation,N3,other
845,W,47.562950134,-122.389480591,3,Theft,W2,other
846,J,47.673675537,-122.332214355,3,Property,J3,other
847,J,47.673675537,-122.332214355,3,Property,J3,other
848,J,47.673675537,-122.332214355,3,Property,J3,other
849,J,47.673675537,-122.332214355,3,Property,J3,other
850,Q,47.62090683,-122.347602844,3,Violence,Q3,violence
851,Q,47.62090683,-122.347602844,3,Violence,Q3,violence
852,Q,47.62090683,-122.347602844,3,Violence,Q3,violence
853,Q,47.62090683,-122.347602844,3,Violence,Q3,violence
854,M,47.611320496,-122.33731842,3,Theft,M2,other
855,M,47.611320496,-122.33731842,3,Theft,M2,other
856,M,47.611320496,-122.33731842,3,Theft,M2,other
857,B,47.661384583,-122.334396362,3,Theft,B3,other
858,B,47.661384583,-122.334396362,3,Theft,B3,other
859,J,47.690616608,-122.359313965,3,Fraud,J2,other
860,N,47.693466187,-122.34589386,3,Theft,N3,other
861,R,47.583400726,-122.302001953,3,Theft,R2,other
862,R,47.583400726,-122.302001953,3,Theft,R2,other
863,R,47.583400726,-122.302001953,3,Theft,R2,other
864,R,47.583400726,-122.302001953,3,Theft,R2,other
865,R,47.583400726,-122.302001953,3,Theft,R2,other
866,U,47.666435242,-122.313049316,3,Property,U1,other
867,R,47.551551819,-122.277870178,3,Fraud,R3,other
868,R,47.551551819,-122.277870178,3,Fraud,R3,other
869,R,47.551551819,-122.277870178,3,Fraud,R3,other
870,R,47.551551819,-122.277870178,3,Fraud,R3,other
871,U,47.678531647,-122.30657959,3,Theft,U1,other
872,U,47.678531647,-122.30657959,3,Theft,U1,other
873,M,47.607364655,-122.34021759,3,Theft,M1,other
874,M,47.607364655,-122.34021759,3,Theft,M1,other
875,F,47.526878357,-122.314849854,3,Property,F3,other
876,F,47.526878357,-122.314849854,3,Property,F3,other
877,E,47.611335754,-122.323898315,3,Property,E3,other
878,E,47.611335754,-122.323898315,3,Property,E3,other
879,U,47.662181854,-122.313117981,3,Court Violation,U2,other
880,F,47.520427704,-122.336029053,3,Fraud,F3,other
881,F,47.520427704,-122.336029053,3,Fraud,F3,other
882,F,47.520427704,-122.336029053,3,Fraud,F3,other
883,F,47.520427704,-122.336029053,3,Fraud,F3,other
884,E,47.623710632,-122.326591492,3,Property,E1,other
885,E,47.623710632,-122.326591492,3,Property,E1,other
886,B,47.667942047,-122.335037231,3,Theft,B3,other
887,B,47.667942047,-122.335037231,3,Theft,B3,other
888,M,47.609718323,-122.336227417,3,Fraud,M3,other
889,M,47.609718323,-122.336227417,3,Fraud,M3,other
890,M,47.609718323,-122.336227417,3,Fraud,M3,other
891,M,47.609718323,-122.336227417,3,Fraud,M3,other
892,M,47.609718323,-122.336227417,3,Fraud,M3,other
893,M,47.609718323,-122.336227417,3,Fraud,M3,other
894,M,47.609718323,-122.336227417,3,Fraud,M3,other
895,K,47.596485138,-122.329048157,3,Public Offense,K3,other
896,L,47.719276428,-122.294570923,3,Property,L3,other
897,L,47.719276428,-122.294570923,3,Property,L3,other
898,W,47.560211182,-122.385482788,3,Fraud,W2,other
899,W,47.560211182,-122.385482788,3,Fraud,W2,other
900,K,47.604660034,-122.331604004,3,Violence,K1,violence
901,K,47.604660034,-122.331604004,3,Violence,K1,violence
902,G,47.607021332,-122.303779602,3,Public Offense,G2,other
903,G,47.607021332,-122.303779602,3,Public Offense,G2,other
904,N,47.699604034,-122.33972168,3,Property,N3,other
905,K,47.601074219,-122.331390381,3,Violence,K2,violence
906,N,47.699604034,-122.33972168,3,Property,N3,other
907,J,47.688388824,-122.348564148,3,Theft,J3,other
908,U,47.665641785,-122.309463501,3,Theft,U1,other
909,U,47.665641785,-122.309463501,3,Theft,U1,other
910,U,47.665641785,-122.309463501,3,Theft,U1,other
911,K,47.604160309,-122.328079224,3,Violence,K3,violence
912,K,47.604160309,-122.328079224,3,Violence,K3,violence
913,Q,47.62147522,-122.343681335,3,Theft,Q3,other
914,Q,47.62147522,-122.343681335,3,Theft,Q3,other
915,Q,47.62147522,-122.343681335,3,Theft,Q3,other
916,L,47.727355957,-122.288238525,3,Theft,L3,other
917,W,47.572944641,-122.389427185,3,Violence,W1,violence
918,N,47.716911316,-122.357055664,3,Property,N1,other
919,N,47.716911316,-122.357055664,3,Property,N1,other
920,N,47.698699951,-122.340820313,3,Theft,N3,other
921,N,47.698699951,-122.340820313,3,Theft,N3,other
922,F,47.527332306,-122.327026367,3,Property,F3,other
923,F,47.527332306,-122.327026367,3,Property,F3,other
924,D,47.634735107,-122.343475342,3,Theft,D2,other
925,D,47.634735107,-122.343475342,3,Theft,D2,other
926,W,47.527988434,-122.379325867,3,Theft,W3,other
927,W,47.527988434,-122.379325867,3,Theft,W3,other
928,L,47.729183197,-122.288284302,3,Theft,L3,other
929,M,47.608787537,-122.338447571,3,Theft,M1,other
930,M,47.608787537,-122.338447571,3,Theft,M1,other
931,M,47.608787537,-122.338447571,3,Theft,M1,other
932,M,47.608787537,-122.338447571,3,Theft,M1,other
933,M,47.608787537,-122.338447571,3,Theft,M1,other
934,E,47.612987518,-122.323944092,3,Theft,E3,other
935,E,47.612987518,-122.323944092,3,Theft,E3,other
936,Q,47.622062683,-122.344985962,3,Property,Q3,other
937,Q,47.622062683,-122.344985962,3,Property,Q3,other
938,L,47.696678162,-122.308135986,3,Fraud,L2,other
939,L,47.696678162,-122.308135986,3,Fraud,L2,other
940,C,47.62191391,-122.293159485,3,Fraud,C3,other
941,C,47.62191391,-122.293159485,3,Fraud,C3,other
942,M,47.612102509,-122.333808899,3,Theft,M2,other
943,E,47.614654541,-122.320793152,3,Violence,E2,violence
944,E,47.614654541,-122.320793152,3,Violence,E2,violence
945,E,47.614654541,-122.320793152,3,Violence,E2,violence
946,E,47.614654541,-122.320793152,3,Violence,E2,violence
947,F,47.523994446,-122.360481262,3,Court Violation,F2,other
948,F,47.523994446,-122.360481262,3,Court Violation,F2,other
949,K,47.602767944,-122.33140564,3,Property,K1,other
950,K,47.602767944,-122.33140564,3,Property,K1,other
951,K,47.602767944,-122.33140564,3,Property,K1,other
952,K,47.602767944,-122.33140564,3,Property,K1,other
953,D,47.61807251,-122.348503113,3,Public Offense,D1,other
954,J,47.688388824,-122.347213745,3,Theft,J3,other
955,J,47.688388824,-122.347213745,3,Theft,J3,other
956,D,47.616054535,-122.336166382,3,Theft,D2,other
957,D,47.616054535,-122.336166382,3,Theft,D2,other
958,D,47.616054535,-122.336166382,3,Theft,D2,other
959,D,47.616054535,-122.336166382,3,Theft,D2,other
960,J,47.677806854,-122.37247467,3,Theft,J2,other
961,J,47.677806854,-122.37247467,3,Theft,J2,other
962,K,47.596656799,-122.327682495,3,Violence,K3,violence
963,F,47.522636414,-122.314971924,3,Property,F3,other
964,F,47.522636414,-122.314971924,3,Property,F3,other
965,F,47.522636414,-122.314971924,3,Property,F3,other
966,F,47.522636414,-122.314971924,3,Property,F3,other
967,D,47.617797852,-122.343086243,3,Court Violation,D2,other
968,L,47.714836121,-122.307159424,3,Property,L1,other
969,L,47.714836121,-122.307159424,3,Property,L1,other
970,W,47.525814056,-122.391571045,3,Public Offense,W3,other
971,W,47.525814056,-122.391571045,3,Public Offense,W3,other
972,S,47.538913727,-122.293754578,3,Theft,S1,other
973,U,47.678501129,-122.298469543,3,Theft,U3,other
974,U,47.678501129,-122.298469543,3,Theft,U3,other
975,G,47.599201202,-122.315681458,3,Public Offense,G3,other
976,G,47.599201202,-122.315681458,3,Public Offense,G3,other
977,B,47.672080994,-122.334037781,3,Theft,B3,other
978,S,47.512516022,-122.257041931,3,Property,S3,other
979,S,47.512516022,-122.257041931,3,Property,S3,other
980,K,47.602413177,-122.331085205,3,Public Offense,K2,other
981,K,47.602413177,-122.331085205,3,Public Offense,K2,other
982,K,47.602413177,-122.331085205,3,Public Offense,K2,other
983,K,47.602413177,-122.331085205,3,Public Offense,K2,other
984,F,47.521949768,-122.357803345,3,Property,F2,other
985,F,47.521949768,-122.357803345,3,Property,F2,other
986,D,47.617023468,-122.345741272,3,Public Offense,D2,other
987,D,47.617023468,-122.345741272,3,Public Offense,D2,other
988,M,47.609653473,-122.333099365,3,Theft,M3,other
989,M,47.609653473,-122.333099365,3,Theft,M3,other
990,M,47.609653473,-122.333099365,3,Theft,M3,other
991,M,47.609653473,-122.333099365,3,Theft,M3,other
992,O,47.572704315,-122.339691162,3,Theft,O1,other
993,O,47.572704315,-122.339691162,3,Theft,O1,other
994,D,47.637508392,-122.32711792,3,Property,D3,other
995,D,47.637508392,-122.32711792,3,Property,D3,other
996,R,47.576358795,-122.296630859,3,Public Offense,R2,other
997,R,47.576358795,-122.296630859,3,Public Offense,R2,other
998,E,47.608657837,-122.320755005,3,Violence,E3,violence
999,E,47.608657837,-122.320755005,3,Violence,E3,violence
