number,district_sector,latitude,longitude,month,summarized_offense_description,zone_beat
0,D,47.620815277,-122.332344055,3,Public Offense,D3
1,S,47.53314209,-122.269989014,3,Public Offense,S2
2,O,47.575576782,-122.333740234,3,TRAFFIC,O2
3,F,47.526882172,-122.320274353,3,Court Violation,F3
4,C,47.623683929,-122.31464386,3,Violence,C1
5,N,47.708656311,-122.33265686,3,Drugs,N3
6,D,47.614215851,-122.34197998,3,Violence,D2
7,B,47.668052673,-122.379615784,3,Court Violation,B1
8,U,47.661296844,-122.317108154,3,Theft,U2
9,W,47.580734253,-122.381256104,3,Drugs,W1
10,B,47.661365509,-122.329566956,3,Theft,B3
11,N,47.697067261,-122.340797424,3,Violence,N3
12,U,47.661296844,-122.317108154,3,Theft,U2
13,M,47.609653473,-122.333099365,3,Theft,M3
14,M,47.609653473,-122.333099365,3,Theft,M3
15,B,47.664459229,-122.380912781,3,Drugs,B1
16,B,47.664459229,-122.380912781,3,Drugs,B1
17,M,47.608753204,-122.336891174,3,Violence,M3
18,Q,47.652839661,-122.389198303,3,Theft,Q1
19,K,47.602413177,-122.331085205,3,Public Offense,K2
20,O,47.551898956,-122.334220886,3,Theft,O2
21,M,47.608753204,-122.336891174,3,Violence,M3
22,G,47.597499847,-122.317230225,3,Violence,G1
23,E,47.620826721,-122.326576233,3,Violence,E1
24,G,47.596652985,-122.313438416,3,Court Violation,G3
25,F,47.529811859,-122.322860718,3,Drugs,F3
26,L,47.729167938,-122.293701172,3,Theft,L1
27,L,47.729167938,-122.293701172,3,Theft,L1
28,U,47.681236267,-122.309364319,3,Fraud,U1
29,Q,47.624580383,-122.356712341,3,Property,Q3
30,L,47.717338562,-122.292785645,3,Theft,L3
31,R,47.579673767,-122.299156189,3,Court Violation,R2
32,U,47.683952332,-122.288398743,3,Public Offense,U3
33,N,47.731399536,-122.343391418,3,Fraud,N2
34,Q,47.652839661,-122.389198303,3,Theft,Q1
35,F,47.535514832,-122.3621521,3,Theft,F1
36,J,47.691505432,-122.355308533,3,Fraud,J1
37,D,47.616054535,-122.336166382,3,Theft,D2
38,D,47.614704132,-122.344795227,3,Violence,D1
39,D,47.614704132,-122.344795227,3,Violence,D1
40,B,47.665019989,-122.345291138,3,Violence,B3
41,R,47.574768066,-122.296127319,3,Public Offense,R2
42,R,47.574768066,-122.296127319,3,Public Offense,R2
43,K,47.600452423,-122.327659607,3,Violence,K3
44,S,47.542469025,-122.274093628,3,Court Violation,S2
45,N,47.714984894,-122.328781128,3,Theft,N2
46,O,47.586170197,-122.329063416,3,Drugs,O1
47,U,47.658489227,-122.320838928,3,Fraud,U2
48,K,47.60004425,-122.334823608,3,Violence,K2
49,B,47.652359009,-122.354980469,3,Fraud,B2
50,F,47.521026611,-122.36730957,3,Theft,F2
51,J,47.675914764,-122.326538086,3,Property,J3
52,L,47.723865509,-122.304580688,3,Theft,L1
53,D,47.616054535,-122.336166382,3,Fraud,D2
54,M,47.61120224,-122.339118958,3,Theft,M1
55,E,47.609016418,-122.329452515,3,Theft,E3
56,L,47.726680756,-122.316085815,3,Fraud,L1
57,B,47.660015106,-122.363998413,3,Theft,B2
58,B,47.660015106,-122.363998413,3,Theft,B2
59,G,47.608055115,-122.316116333,3,Theft,G1
60,G,47.608055115,-122.316116333,3,Theft,G1
61,O,47.578769684,-122.335128784,3,Fraud,O1
62,M,47.61283493,-122.34262085,3,Theft,M1
63,99,47.759605408,-122.344230652,3,Court Violation,99
64,D,47.616634369,-122.352027893,3,Fraud,D1
65,U,47.65908432,-122.315498352,3,Fraud,U2
66,E,47.623699188,-122.320930481,3,Theft,E1
67,J,47.682250977,-122.386451721,3,Theft,J2
68,J,47.682250977,-122.386451721,3,Theft,J2
69,K,47.604873657,-122.328735352,3,Violence,K1
70,K,47.604873657,-122.328735352,3,Violence,K1
71,K,47.604873657,-122.328735352,3,Violence,K1
72,F,47.518287659,-122.367279053,3,Theft,F2
73,D,47.612888336,-122.343704224,3,Theft,D1
74,J,47.69978714,-122.355400085,3,Property,J1
75,W,47.575904846,-122.410743713,3,Theft,W1
76,G,47.604129791,-122.323440552,3,ANIMAL COMPLAINT,G1
77,G,47.604129791,-122.323440552,3,ANIMAL COMPLAINT,G1
78,U,47.664581299,-122.283157349,3,Theft,U3
79,R,47.554618835,-122.293952942,3,Theft,R1
80,R,47.554618835,-122.293952942,3,Theft,R1
81,R,47.554618835,-122.293952942,3,Theft,R1
82,U,47.657588959,-122.31438446,3,Court Violation,U2
83,F,47.538272858,-122.368995667,3,Theft,F1
84,F,47.538272858,-122.368995667,3,Theft,F1
85,F,47.538272858,-122.368995667,3,Theft,F1
86,D,47.612888336,-122.343704224,3,Theft,D1
87,D,47.612888336,-122.343704224,3,Theft,D1
88,N,47.690498352,-122.33644104,3,Drugs,N3
89,G,47.594215393,-122.310256958,3,Public Offense,G3
90,K,47.602413177,-122.331085205,3,Violence,K2
91,K,47.602413177,-122.331085205,3,Violence,K2
92,K,47.602413177,-122.331085205,3,Violence,K2
93,K,47.602413177,-122.331085205,3,Violence,K2
94,M,47.611709595,-122.331443787,3,Theft,M2
95,M,47.611709595,-122.331443787,3,Theft,M2
96,M,47.611709595,-122.331443787,3,Theft,M2
97,S,47.520317078,-122.261146545,3,Theft,S3
98,S,47.520317078,-122.261146545,3,Theft,S3
99,E,47.613517761,-122.320770264,3,Theft,E2
100,M,47.609783173,-122.339355469,3,Theft,M1
101,M,47.609783173,-122.339355469,3,Theft,M1
102,M,47.609783173,-122.339355469,3,Theft,M1
103,J,47.692409515,-122.352622986,3,Theft,J1
104,W,47.560211182,-122.385482788,3,Drugs,W2
105,W,47.560211182,-122.385482788,3,Drugs,W2
106,B,47.658306122,-122.322998047,3,Violence,B3
107,B,47.658306122,-122.322998047,3,Violence,B3
108,99,47.501831055,-122.339645386,3,Fraud,99
109,E,47.614685059,-122.316848755,3,Violence,E2
110,M,47.611320496,-122.33731842,3,Court Violation,M3
111,M,47.611320496,-122.33731842,3,Court Violation,M3
112,C,47.621334076,-122.294288635,3,Theft,C3
113,N,47.704216003,-122.380622864,3,Theft,N1
114,N,47.704216003,-122.380622864,3,Theft,N1
115,M,47.611206055,-122.337593079,3,Theft,M2
116,M,47.611206055,-122.337593079,3,Theft,M2
117,M,47.611206055,-122.337593079,3,Theft,M2
118,M,47.611206055,-122.337593079,3,Theft,M2
119,W,47.562065125,-122.393478394,3,Theft,W2
120,L,47.725608826,-122.296394348,3,Fraud,L1
121,G,47.602603912,-122.295982361,3,Fraud,G2
122,U,47.66645813,-122.301940918,3,Theft,U1
123,U,47.66645813,-122.301940918,3,Theft,U1
124,K,47.606086731,-122.33290863,3,Violence,K1
125,M,47.610973358,-122.338150024,3,Theft,M2
126,M,47.610973358,-122.338150024,3,Theft,M2
127,M,47.610973358,-122.338150024,3,Theft,M2
128,M,47.615337372,-122.335945129,3,Public Offense,M2
129,M,47.615337372,-122.335945129,3,Public Offense,M2
130,L,47.708602905,-122.324615479,3,Theft,L2
131,R,47.586917877,-122.302688599,3,Property,R2
132,R,47.586917877,-122.302688599,3,Property,R2
133,M,47.611320496,-122.33731842,3,Theft,M2
134,C,47.617042542,-122.312759399,3,Theft,C1
135,C,47.617042542,-122.312759399,3,Theft,C1
136,W,47.561092377,-122.383476257,3,Fraud,W2
137,W,47.561092377,-122.383476257,3,Fraud,W2
138,K,47.590309143,-122.329048157,3,Court Violation,K2
139,L,47.69405365,-122.324386597,3,Fraud,L2
140,U,47.668991089,-122.311882019,3,Violence,U1
141,L,47.693092346,-122.316246033,3,Fraud,L2
142,F,47.525627136,-122.324943542,3,Violence,F3
143,G,47.60477829,-122.31678009,3,Theft,G1
144,G,47.60477829,-122.31678009,3,Theft,G1
145,W,47.510871887,-122.373771667,3,Theft,W3
146,K,47.600883484,-122.333526611,3,Violence,K2
147,K,47.600883484,-122.333526611,3,Violence,K2
148,C,47.622531891,-122.314666748,3,Theft,C1
149,C,47.622531891,-122.314666748,3,Theft,C1
150,C,47.622531891,-122.314666748,3,Theft,C1
151,W,47.567428589,-122.3828125,3,Theft,W2
152,E,47.613437653,-122.327362061,3,Violence,E3
153,E,47.613437653,-122.327362061,3,Violence,E3
154,F,47.520133972,-122.369979858,3,Court Violation,F2
155,F,47.520133972,-122.369979858,3,Court Violation,F2
156,U,47.663970947,-122.309486389,3,Fraud,U1
157,D,47.638072968,-122.340820313,3,Property,D2
158,F,47.523735046,-122.348007202,3,Public Offense,F3
159,F,47.523735046,-122.348007202,3,Public Offense,F3
160,N,47.709629059,-122.356819153,3,Theft,N1
161,J,47.704349518,-122.352752686,3,Court Violation,J1
162,E,47.60982132,-122.326347351,3,Public Offense,E3
163,E,47.60982132,-122.326347351,3,Public Offense,E3
164,O,47.572704315,-122.334213257,3,Theft,O1
165,E,47.61523056,-122.321464539,3,Theft,E2
166,K,47.602661133,-122.332847595,3,Violence,K1
167,K,47.602661133,-122.332847595,3,Violence,K1
168,C,47.619689941,-122.302520752,3,Theft,C2
169,B,47.661399841,-122.353027344,3,Theft,B2
170,D,47.615886688,-122.337875366,3,Property,D2
171,R,47.57075882,-122.291007996,3,Fraud,R2
172,N,47.694171906,-122.341873169,3,Theft,N3
173,L,47.708602905,-122.324615479,3,Theft,L2
174,M,47.614505768,-122.33467865,3,Court Violation,M2
175,N,47.692024231,-122.348571777,3,Theft,N3
176,W,47.561141968,-122.388809204,3,Fraud,W2
177,B,47.669589996,-122.335899353,3,Theft,B3
178,N,47.722324371,-122.355545044,3,Theft,N1
179,R,47.573055267,-122.314819336,3,Theft,R1
180,N,47.691291809,-122.345870972,3,Theft,N3
181,B,47.650009155,-122.34979248,3,Violence,B2
182,B,47.650009155,-122.34979248,3,Violence,B2
183,D,47.645069122,-122.324623108,3,Theft,D3
184,W,47.540122986,-122.375213623,3,Theft,W3
185,W,47.540122986,-122.375213623,3,Theft,W3
186,J,47.699642181,-122.352706909,3,Theft,J1
187,C,47.638729095,-122.304779053,3,Theft,C2
188,J,47.690940857,-122.349914551,3,Theft,J1
189,J,47.696933746,-122.355369568,3,Property,J1
190,J,47.689109802,-122.36466217,3,Theft,J2
191,D,47.622543335,-122.331718445,3,Theft,D3
192,J,47.693332672,-122.358009338,3,Property,J1
193,J,47.698741913,-122.354042053,3,Theft,J1
194,C,47.64540863,-122.304611206,3,Theft,C2
195,C,47.64540863,-122.304611206,3,Theft,C2
196,N,47.705795288,-122.346046448,3,Theft,N3
197,C,47.612884521,-122.289306641,3,Theft,C3
198,B,47.668819427,-122.332351685,3,Property,B3
199,N,47.725036621,-122.344993591,3,Theft,N2
200,J,47.672908783,-122.332221985,3,Theft,J3
201,J,47.678554535,-122.326835632,3,Theft,J3
202,J,47.678554535,-122.326835632,3,Theft,J3
203,Q,47.636562347,-122.356948853,3,Theft,Q2
204,B,47.661388397,-122.346382141,3,Theft,B3
205,F,47.523765564,-122.368667603,3,Theft,F2
206,F,47.523765564,-122.368667603,3,Theft,F2
207,R,47.5730896,-122.305725098,3,Theft,R1
208,M,47.612781525,-122.341545105,3,Property,M2
209,U,47.664012909,-122.315254211,3,Theft,U2
210,R,47.57509613,-122.31477356,3,Theft,R1
211,R,47.57509613,-122.31477356,3,Theft,R1
212,R,47.57509613,-122.31477356,3,Theft,R1
213,W,47.560211182,-122.385482788,3,Theft,W2
214,W,47.560211182,-122.385482788,3,Theft,W2
215,N,47.699710846,-122.374099731,3,Theft,N1
216,K,47.60004425,-122.335914612,3,Violence,K2
217,K,47.60004425,-122.335914612,3,Violence,K2
218,K,47.60004425,-122.335914612,3,Violence,K2
219,K,47.60004425,-122.335914612,3,Violence,K2
220,K,47.60004425,-122.335914612,3,Violence,K2
221,E,47.619419098,-122.326568604,3,Theft,E1
222,E,47.619419098,-122.326568604,3,Theft,E1
223,E,47.612110138,-122.320762634,3,Theft,E2
224,W,47.546298981,-122.392547607,3,Violence,W3
225,W,47.546298981,-122.392547607,3,Violence,W3
226,E,47.623710632,-122.326591492,3,Property,E1
227,E,47.623710632,-122.326591492,3,Property,E1
228,E,47.624702454,-122.325317383,3,Violence,E1
229,E,47.624702454,-122.325317383,3,Violence,E1
230,E,47.624702454,-122.325317383,3,Violence,E1
231,C,47.6158638,-122.309494019,3,Violence,C2
232,C,47.6158638,-122.309494019,3,Violence,C2
233,B,47.672367096,-122.38054657,3,Public Offense,B1
234,B,47.672367096,-122.38054657,3,Public Offense,B1
235,C,47.611579895,-122.301437378,3,Public Offense,C3
236,C,47.611579895,-122.301437378,3,Public Offense,C3
237,U,47.676700592,-122.308731079,3,Theft,U1
238,S,47.529129028,-122.269989014,3,Theft,S2
239,S,47.529129028,-122.269989014,3,Theft,S2
240,S,47.529129028,-122.269989014,3,Theft,S2
241,Q,47.624595642,-122.359977722,3,Property,Q3
242,B,47.669509888,-122.357086182,3,Theft,B2
243,U,47.662799835,-122.299858093,3,Property,U3
244,S,47.503982544,-122.259483337,3,Theft,S3
245,S,47.503982544,-122.259483337,3,Theft,S3
246,S,47.503982544,-122.259483337,3,Theft,S3
247,S,47.503982544,-122.259483337,3,Theft,S3
248,M,47.610908508,-122.335014343,3,Theft,M3
249,N,47.701393127,-122.362731934,3,Violence,N1
250,C,47.651153564,-122.320892334,3,Theft,C1
251,U,47.663566589,-122.318389893,3,Violence,U2
252,U,47.663566589,-122.318389893,3,Violence,U2
253,W,47.560211182,-122.385482788,3,Theft,W2
254,W,47.560211182,-122.385482788,3,Theft,W2
255,W,47.560211182,-122.385482788,3,Theft,W2
256,W,47.560211182,-122.385482788,3,Theft,W2
257,B,47.673828125,-122.35534668,3,Theft,B2
258,J,47.69065094,-122.366630554,3,Public Offense,J1
259,J,47.69065094,-122.366630554,3,Public Offense,J1
260,U,47.650062561,-122.304397583,3,Property,U3
261,U,47.650062561,-122.304397583,3,Property,U3
262,R,47.557041168,-122.285385132,3,Fraud,R3
263,J,47.69065094,-122.366630554,3,Theft,J1
264,J,47.69065094,-122.366630554,3,Theft,J1
265,F,47.544044495,-122.369026184,3,Theft,F1
266,F,47.544044495,-122.369026184,3,Theft,F1
267,M,47.611904144,-122.335929871,3,Theft,M2
268,M,47.610744476,-122.338699341,3,Violence,M2
269,M,47.610744476,-122.338699341,3,Violence,M2
270,M,47.611904144,-122.335929871,3,Theft,M2
271,M,47.610744476,-122.338699341,3,Violence,M2
272,M,47.610744476,-122.338699341,3,Violence,M2
273,M,47.610744476,-122.338699341,3,Violence,M2
274,M,47.610744476,-122.338699341,3,Violence,M2
275,B,47.668674469,-122.38886261,3,Property,B1
276,B,47.668674469,-122.38886261,3,Property,B1
277,E,47.610534668,-122.327003479,3,Public Offense,E3
278,S,47.535926819,-122.27003479,3,Theft,S2
279,S,47.535926819,-122.27003479,3,Theft,S2
280,J,47.68548584,-122.353858948,3,Violence,J3
281,J,47.68548584,-122.353858948,3,Violence,J3
282,W,47.562911987,-122.386772156,3,Theft,W2
283,W,47.562911987,-122.386772156,3,Theft,W2
284,M,47.610908508,-122.335014343,3,Theft,M3
285,J,47.689243317,-122.401802063,3,Theft,J1
286,E,47.613235474,-122.329467773,3,Property,E3
287,E,47.613235474,-122.329467773,3,Property,E3
288,S,47.537044525,-122.282348633,3,Theft,S1
289,S,47.537044525,-122.282348633,3,Theft,S1
290,S,47.537044525,-122.282348633,3,Theft,S1
291,S,47.537044525,-122.282348633,3,Theft,S1
292,S,47.537044525,-122.282348633,3,Theft,S1
293,S,47.537044525,-122.282348633,3,Theft,S1
294,S,47.537044525,-122.282348633,3,Theft,S1
295,Q,47.637828827,-122.347099304,3,Theft,Q2
296,S,47.538913727,-122.293754578,3,Theft,S1
297,S,47.538913727,-122.293754578,3,Theft,S1
298,S,47.538913727,-122.293754578,3,Theft,S1
299,M,47.610179901,-122.335121155,3,Property,M3
300,C,47.651016235,-122.321708679,3,Theft,C1
301,C,47.651016235,-122.321708679,3,Theft,C1
302,C,47.651016235,-122.321708679,3,Theft,C1
303,E,47.614685059,-122.316848755,3,TRAFFIC,E2
304,K,47.600475311,-122.331573486,3,Theft,K2
305,K,47.606445313,-122.333236694,3,Drugs,K1
306,D,47.640960693,-122.342536926,3,Property,D2
307,W,47.569236755,-122.371818542,3,Fraud,W1
308,M,47.60925293,-122.337341309,3,Public Offense,M3
309,M,47.60925293,-122.337341309,3,Public Offense,M3
310,B,47.663585663,-122.347946167,3,Fraud,B2
311,B,47.663585663,-122.347946167,3,Fraud,B2
312,B,47.663585663,-122.347946167,3,Fraud,B2
313,B,47.669448853,-122.38054657,3,Theft,B1
314,C,47.61158371,-122.302085876,3,Violence,C3
315,C,47.61158371,-122.302085876,3,Violence,C3
316,C,47.61158371,-122.302085876,3,Violence,C3
317,C,47.61158371,-122.302085876,3,Violence,C3
318,C,47.61158371,-122.302085876,3,Violence,C3
319,D,47.616634369,-122.352027893,3,Theft,D1
320,W,47.558353424,-122.376235962,3,Public Offense,W2
321,W,47.558353424,-122.376235962,3,Public Offense,W2
322,R,47.579673767,-122.299156189,3,Violence,R2
323,R,47.579673767,-122.299156189,3,Violence,R2
324,R,47.579673767,-122.299156189,3,Violence,R2
325,R,47.579673767,-122.299156189,3,Violence,R2
326,W,47.54743576,-122.377731323,3,Public Offense,W3
327,W,47.54743576,-122.377731323,3,Public Offense,W3
328,S,47.520141602,-122.272544861,3,Theft,S3
329,S,47.520141602,-122.272544861,3,Theft,S3
330,B,47.673873901,-122.353614807,3,Fraud,B2
331,J,47.692405701,-122.351295471,3,Theft,J1
332,J,47.692405701,-122.351295471,3,Theft,J1
333,Q,47.651237488,-122.385978699,3,Theft,Q1
334,C,47.611579895,-122.301437378,3,Public Offense,C3
335,K,47.606800079,-122.333564758,3,Theft,K1
336,W,47.549232483,-122.376350403,3,Theft,W2
337,W,47.549232483,-122.376350403,3,Theft,W2
338,W,47.549232483,-122.376350403,3,Theft,W2
339,W,47.549232483,-122.376350403,3,Theft,W2
340,L,47.702270508,-122.328514099,3,Theft,L2
341,B,47.651626587,-122.344009399,3,Theft,B3
342,Q,47.632728577,-122.348434448,3,Theft,Q2
343,B,47.651626587,-122.344009399,3,Theft,B3
344,R,47.579673767,-122.299156189,3,Public Offense,R2
345,R,47.579673767,-122.299156189,3,Public Offense,R2
346,R,47.579673767,-122.299156189,3,Public Offense,R2
347,R,47.579673767,-122.299156189,3,Public Offense,R2
348,W,47.558353424,-122.376235962,3,Property,W2
349,W,47.558353424,-122.376235962,3,Fraud,W2
350,Q,47.624576569,-122.354751587,3,Public Offense,Q3
351,Q,47.624576569,-122.354751587,3,Public Offense,Q3
352,W,47.579982758,-122.407051086,3,Public Offense,W1
353,W,47.579982758,-122.407051086,3,Public Offense,W1
354,M,47.610683441,-122.341957092,3,Theft,M1
355,R,47.571922302,-122.304908752,3,Fraud,R1
356,M,47.610683441,-122.341957092,3,Theft,M1
357,R,47.571922302,-122.304908752,3,Fraud,R1
358,M,47.610683441,-122.341957092,3,Theft,M1
359,M,47.610683441,-122.341957092,3,Theft,M1
360,M,47.610683441,-122.341957092,3,Theft,M1
361,L,47.708560944,-122.317855835,3,Violence,L1
362,L,47.708560944,-122.317855835,3,Violence,L1
363,N,47.7018013,-122.347343445,3,Property,N3
364,N,47.7018013,-122.347343445,3,Property,N3
365,N,47.7018013,-122.347343445,3,Property,N3
366,N,47.7018013,-122.347343445,3,Property,N3
367,K,47.605052948,-122.33656311,3,Theft,K1
368,K,47.605052948,-122.33656311,3,Theft,K1
369,K,47.605052948,-122.33656311,3,Theft,K1
370,U,47.662162781,-122.309509277,3,Property,U1
371,K,47.590309143,-122.329048157,3,Court Violation,K2
372,K,47.590309143,-122.329048157,3,Court Violation,K2
373,K,47.590309143,-122.329048157,3,Court Violation,K2
374,K,47.590309143,-122.329048157,3,Court Violation,K2
375,K,47.590309143,-122.329048157,3,Court Violation,K2
376,K,47.603694916,-122.329185486,3,Public Offense,K1
377,K,47.603694916,-122.329185486,3,Public Offense,K1
378,F,47.518192291,-122.34160614,3,Property,F3
379,Q,47.65568161,-122.386238098,3,Property,Q1
380,Q,47.65568161,-122.386238098,3,Property,Q1
381,W,47.568424225,-122.370765686,3,Theft,W1
382,W,47.568424225,-122.370765686,3,Theft,W1
383,W,47.568424225,-122.370765686,3,Theft,W1
384,Q,47.640037537,-122.398979187,3,Property,Q1
385,U,47.686676025,-122.307312012,3,Theft,U1
386,O,47.587200165,-122.325973511,3,Theft,O1
387,O,47.587200165,-122.325973511,3,Theft,O1
388,O,47.576652527,-122.334205627,3,Property,O1
389,O,47.576652527,-122.334205627,3,Property,O1
390,Q,47.637699127,-122.389678955,3,Theft,Q1
391,N,47.691295624,-122.347213745,3,Theft,N3
392,N,47.691295624,-122.347213745,3,Theft,N3
393,N,47.691295624,-122.347213745,3,Theft,N3
394,N,47.691295624,-122.347213745,3,Theft,N3
395,N,47.691295624,-122.347213745,3,Theft,N3
396,R,47.584098816,-122.30255127,3,Theft,R2
397,R,47.584098816,-122.30255127,3,Theft,R2
398,R,47.584098816,-122.30255127,3,Theft,R2
399,R,47.584098816,-122.30255127,3,Theft,R2
400,R,47.584098816,-122.30255127,3,Theft,R2
401,L,47.726570129,-122.303665161,3,Fraud,L1
402,L,47.726570129,-122.303665161,3,Fraud,L1
403,L,47.726570129,-122.303665161,3,Fraud,L1
404,L,47.726570129,-122.303665161,3,Fraud,L1
405,B,47.662246704,-122.324020386,3,Theft,B3
406,B,47.662246704,-122.324020386,3,Theft,B3
407,Q,47.658493042,-122.400894165,3,Fraud,Q1
408,E,47.616172791,-122.327888489,3,Theft,E1
409,E,47.616172791,-122.327888489,3,Theft,E1
410,J,47.689243317,-122.401802063,3,Theft,J1
411,J,47.689243317,-122.401802063,3,Theft,J1
412,J,47.68031311,-122.35395813,3,Theft,J3
413,W,47.562007904,-122.386779785,3,Theft,W2
414,J,47.689243317,-122.401802063,3,Property,J1
415,N,47.712310791,-122.342124939,3,Court Violation,N2
416,O,47.571327209,-122.339668274,3,Court Violation,O2
417,L,47.703556061,-122.317756653,3,Fraud,L2
418,L,47.703556061,-122.317756653,3,Fraud,L2
419,C,47.619960785,-122.313911438,3,Theft,C1
420,C,47.619960785,-122.313911438,3,Theft,C1
421,B,47.672828674,-122.354377747,3,Theft,B2
422,B,47.672828674,-122.354377747,3,Theft,B2
423,B,47.672828674,-122.354377747,3,Theft,B2
424,B,47.672828674,-122.354377747,3,Theft,B2
425,R,47.563457489,-122.288009644,3,Theft,R3
426,R,47.563457489,-122.288009644,3,Theft,R3
427,R,47.563457489,-122.288009644,3,Theft,R3
428,R,47.563457489,-122.288009644,3,Theft,R3
429,R,47.563457489,-122.288009644,3,Theft,R3
430,K,47.60477066,-122.330169678,3,Theft,K1
431,K,47.60477066,-122.330169678,3,Theft,K1
432,K,47.60477066,-122.330169678,3,Theft,K1
433,B,47.673290253,-122.358474731,3,Theft,B2
434,B,47.673290253,-122.358474731,3,Theft,B2
435,R,47.579673767,-122.299156189,3,Public Offense,R2
436,R,47.579673767,-122.299156189,3,Public Offense,R2
437,G,47.605705261,-122.319412231,3,Public Offense,G1
438,G,47.605705261,-122.319412231,3,Public Offense,G1
439,L,47.73102951,-122.29234314,3,Violence,L3
440,L,47.73102951,-122.29234314,3,Violence,L3
441,D,47.633968353,-122.342285156,3,Theft,D2
442,D,47.633968353,-122.342285156,3,Theft,D2
443,N,47.702167511,-122.348693848,3,Theft,N3
444,N,47.727313995,-122.347717285,3,Public Offense,N2
445,U,47.661792755,-122.298866272,3,Theft,U3
446,U,47.661792755,-122.298866272,3,Theft,U3
447,U,47.661792755,-122.298866272,3,Theft,U3
448,N,47.725040436,-122.347930908,3,Fraud,N2
449,N,47.725040436,-122.347930908,3,Fraud,N2
450,N,47.712310791,-122.342124939,3,Court Violation,N2
451,N,47.712310791,-122.342124939,3,Court Violation,N2
452,B,47.660316467,-122.340675354,3,Property,B3
453,B,47.660316467,-122.340675354,3,Property,B3
454,N,47.700073242,-122.34463501,3,Property,N3
455,N,47.700073242,-122.34463501,3,Property,N3
456,K,47.597381592,-122.334190369,3,Theft,K2
457,K,47.597381592,-122.334190369,3,Theft,K2
458,U,47.661258698,-122.31199646,3,Violence,U2
459,U,47.661258698,-122.31199646,3,Violence,U2
460,S,47.534667969,-122.269989014,3,Court Violation,S2
461,K,47.602787018,-122.333724976,3,Public Offense,K1
462,C,47.611473083,-122.304992676,3,Theft,C3
463,B,47.66135788,-122.327758789,3,Public Offense,B3
464,B,47.66135788,-122.327758789,3,Public Offense,B3
465,N,47.720481873,-122.344947815,3,Fraud,N2
466,N,47.720481873,-122.344947815,3,Fraud,N2
467,N,47.720481873,-122.344947815,3,Fraud,N2
468,Q,47.65271759,-122.394218445,3,Fraud,Q1
469,Q,47.65271759,-122.394218445,3,Fraud,Q1
470,U,47.658485413,-122.31879425,3,Public Offense,U2
471,U,47.658485413,-122.31879425,3,Public Offense,U2
472,J,47.68050766,-122.325965881,3,Theft,J3
473,U,47.674766541,-122.309249878,3,Property,U1
474,R,47.586616516,-122.300308228,3,Violence,R2
475,B,47.65669632,-122.330825806,3,Theft,B3
476,B,47.65669632,-122.330825806,3,Theft,B3
477,U,47.662181854,-122.313117981,3,Court Violation,U2
478,Q,47.62154007,-122.360649109,3,Theft,Q3
479,Q,47.62154007,-122.360649109,3,Theft,Q3
480,Q,47.62154007,-122.360649109,3,Theft,Q3
481,Q,47.62154007,-122.360649109,3,Theft,Q3
482,G,47.599243164,-122.308311462,3,Theft,G2
483,G,47.599243164,-122.308311462,3,Theft,G2
484,R,47.553398132,-122.278091431,3,Violence,R3
485,R,47.553398132,-122.278091431,3,Violence,R3
486,B,47.665981293,-122.357124329,3,Theft,B2
487,B,47.665981293,-122.357124329,3,Theft,B2
488,S,47.519851685,-122.268028259,3,Theft,S3
489,S,47.519851685,-122.268028259,3,Theft,S3
490,U,47.674766541,-122.309249878,3,Property,U1
491,U,47.674766541,-122.309249878,3,Property,U1
492,W,47.56407547,-122.376815796,3,TRAFFIC,W2
493,M,47.612770081,-122.330581665,3,Theft,M2
494,M,47.612770081,-122.330581665,3,Theft,M2
495,G,47.599269867,-122.30381012,3,Property,G3
496,G,47.599269867,-122.30381012,3,Property,G3
497,Q,47.642570496,-122.363578796,3,Theft,Q2
498,Q,47.642570496,-122.363578796,3,Theft,Q2
499,Q,47.654735565,-122.385993958,3,Theft,Q1
500,Q,47.654735565,-122.385993958,3,Theft,Q1
501,J,47.697208405,-122.368721008,3,Theft,J1
502,J,47.697208405,-122.368721008,3,Theft,J1
503,Q,47.62392807,-122.356712341,3,Public Offense,Q3
504,Q,47.62392807,-122.356712341,3,Public Offense,Q3
505,C,47.61158371,-122.302085876,3,Public Offense,C3
506,C,47.61158371,-122.302085876,3,Public Offense,C3
507,Q,47.630020142,-122.360527039,3,Theft,Q2
508,Q,47.630020142,-122.360527039,3,Theft,Q2
509,Q,47.630020142,-122.360527039,3,Theft,Q2
510,C,47.646266937,-122.317070007,3,Theft,C1
511,C,47.646266937,-122.317070007,3,Theft,C1
512,U,47.664012909,-122.315254211,3,Violence,U2
513,U,47.664012909,-122.315254211,3,Violence,U2
514,B,47.664382935,-122.367401123,3,Property,B2
515,B,47.664382935,-122.367401123,3,Property,B2
516,R,47.55828476,-122.316101074,3,Theft,R1
517,J,47.6913414,-122.371398926,3,Theft,J1
518,J,47.6913414,-122.371398926,3,Theft,J1
519,J,47.6913414,-122.371398926,3,Theft,J1
520,O,47.588783264,-122.329048157,3,Property,O1
521,D,47.615222931,-122.33379364,3,Violence,D2
522,O,47.588783264,-122.329048157,3,Property,O1
523,D,47.615222931,-122.33379364,3,Violence,D2
524,O,47.588783264,-122.329048157,3,Property,O1
525,O,47.588783264,-122.329048157,3,Property,O1
526,D,47.615222931,-122.33379364,3,Violence,D2
527,S,47.540672302,-122.278083801,3,Theft,S2
528,S,47.540672302,-122.278083801,3,Theft,S2
529,G,47.597911835,-122.313079834,3,Property,G3
530,G,47.597911835,-122.313079834,3,Property,G3
531,M,47.612770081,-122.330581665,3,Theft,M2
532,M,47.612770081,-122.330581665,3,Theft,M2
533,M,47.612770081,-122.330581665,3,Theft,M2
534,E,47.61523819,-122.320404053,3,Public Offense,E2
535,E,47.61523819,-122.320404053,3,Public Offense,E2
536,D,47.61365509,-122.345001221,3,Theft,D1
537,D,47.61365509,-122.345001221,3,Theft,D1
538,W,47.537521362,-122.392967224,3,Theft,W3
539,W,47.537521362,-122.392967224,3,Theft,W3
540,N,47.696872711,-122.337615967,3,Theft,N3
541,Q,47.648464203,-122.378189087,3,Theft,Q1
542,Q,47.648464203,-122.378189087,3,Theft,Q1
543,D,47.617408752,-122.349365234,3,Violence,D1
544,D,47.617408752,-122.349365234,3,Violence,D1
545,B,47.670188904,-122.38886261,3,Fraud,B1
546,R,47.586906433,-122.299072266,3,Theft,R2
547,R,47.586906433,-122.299072266,3,Theft,R2
548,R,47.586906433,-122.299072266,3,Theft,R2
549,R,47.586906433,-122.299072266,3,Theft,R2
550,M,47.610214233,-122.336685181,3,Court Violation,M3
551,G,47.608257294,-122.297401428,3,Theft,G2
552,G,47.608257294,-122.297401428,3,Theft,G2
553,G,47.608257294,-122.297401428,3,Theft,G2
554,J,47.695114136,-122.352653503,3,Theft,J1
555,J,47.695114136,-122.352653503,3,Theft,J1
556,J,47.695114136,-122.352653503,3,Theft,J1
557,B,47.674289703,-122.406364441,3,Drugs,B1
558,Q,47.655555725,-122.371353149,3,Property,Q2
559,Q,47.655555725,-122.371353149,3,Property,Q2
560,D,47.64087677,-122.324676514,3,Theft,D3
561,D,47.617328644,-122.333366394,3,Public Offense,D3
562,D,47.617328644,-122.333366394,3,Public Offense,D3
563,D,47.617328644,-122.333366394,3,Public Offense,D3
564,D,47.617328644,-122.333366394,3,Public Offense,D3
565,D,47.617328644,-122.333366394,3,Public Offense,D3
566,E,47.622558594,-122.320915222,3,Public Offense,E1
567,D,47.615882874,-122.332939148,3,Theft,D2
568,E,47.622558594,-122.320915222,3,Public Offense,E1
569,E,47.608657837,-122.320755005,3,Violence,E3
570,E,47.608657837,-122.320755005,3,Violence,E3
571,U,47.667484283,-122.311897278,3,Theft,U1
572,J,47.677532196,-122.327789307,3,Theft,J3
573,J,47.677532196,-122.327789307,3,Theft,J3
574,J,47.677532196,-122.327789307,3,Theft,J3
575,M,47.613162994,-122.342193604,3,Theft,M2
576,M,47.613162994,-122.342193604,3,Theft,M2
577,C,47.638729095,-122.304779053,3,Theft,C2
578,C,47.638729095,-122.304779053,3,Theft,C2
579,C,47.638729095,-122.304779053,3,Theft,C2
580,C,47.638729095,-122.304779053,3,Theft,C2
581,C,47.638729095,-122.304779053,3,Theft,C2
582,C,47.638729095,-122.304779053,3,Theft,C2
583,F,47.531955719,-122.342384338,3,Theft,F3
584,F,47.531955719,-122.342384338,3,Theft,F3
585,F,47.531955719,-122.342384338,3,Theft,F3
586,F,47.531955719,-122.342384338,3,Theft,F3
587,F,47.531955719,-122.342384338,3,Theft,F3
588,N,47.696353912,-122.34324646,3,Theft,N3
589,R,47.565151215,-122.284980774,3,Theft,R3
590,R,47.565151215,-122.284980774,3,Theft,R3
591,J,47.687664032,-122.348564148,3,Theft,J3
592,D,47.616695404,-122.342216492,3,Theft,D2
593,D,47.616695404,-122.342216492,3,Theft,D2
594,D,47.612888336,-122.343704224,3,Theft,D1
595,D,47.612888336,-122.343704224,3,Theft,D1
596,D,47.612888336,-122.343704224,3,Theft,D1
597,D,47.612888336,-122.343704224,3,Theft,D1
598,N,47.723262787,-122.360954285,3,Theft,N1
599,N,47.723262787,-122.360954285,3,Theft,N1
600,E,47.619354248,-122.316917419,3,Theft,E1
601,E,47.619354248,-122.316917419,3,Theft,E1
602,O,47.544872284,-122.319793701,3,Property,O3
603,O,47.544872284,-122.319793701,3,Property,O3
604,B,47.669460297,-122.39151001,3,Theft,B1
605,B,47.669460297,-122.39151001,3,Theft,B1
606,M,47.61044693,-122.336128235,3,Public Offense,M3
607,M,47.61044693,-122.336128235,3,Public Offense,M3
608,M,47.61044693,-122.336128235,3,Public Offense,M3
609,M,47.61044693,-122.336128235,3,Public Offense,M3
610,S,47.519851685,-122.268028259,3,Theft,S3
611,S,47.519851685,-122.268028259,3,Theft,S3
612,S,47.519851685,-122.268028259,3,Theft,S3
613,S,47.519851685,-122.268028259,3,Theft,S3
614,S,47.519851685,-122.268028259,3,Theft,S3
615,B,47.665725708,-122.326950073,3,Property,B3
616,B,47.665725708,-122.326950073,3,Property,B3
617,B,47.665725708,-122.326950073,3,Property,B3
618,B,47.665725708,-122.326950073,3,Property,B3
619,B,47.665725708,-122.326950073,3,Property,B3
620,J,47.689620972,-122.339126587,3,Public Offense,J3
621,J,47.689620972,-122.339126587,3,Public Offense,J3
622,B,47.669460297,-122.39151001,3,Fraud,B1
623,B,47.669460297,-122.39151001,3,Fraud,B1
624,C,47.618270874,-122.299873352,3,Property,C3
625,C,47.618270874,-122.299873352,3,Property,C3
626,S,47.517177582,-122.259346008,3,Theft,S3
627,S,47.517177582,-122.259346008,3,Theft,S3
628,J,47.690631866,-122.361984253,3,Theft,J1
629,J,47.690631866,-122.361984253,3,Theft,J1
630,J,47.690631866,-122.361984253,3,Theft,J1
631,J,47.690631866,-122.361984253,3,Theft,J1
632,K,47.599197388,-122.328971863,3,Theft,K3
633,K,47.599197388,-122.328971863,3,Theft,K3
634,K,47.599197388,-122.328971863,3,Theft,K3
635,K,47.599197388,-122.328971863,3,Theft,K3
636,K,47.599197388,-122.328971863,3,Theft,K3
637,K,47.599197388,-122.328971863,3,Theft,K3
638,K,47.599197388,-122.328971863,3,Theft,K3
639,K,47.599197388,-122.328971863,3,Theft,K3
640,S,47.523880005,-122.264595032,3,Violence,S2
641,S,47.523880005,-122.264595032,3,Violence,S2
642,S,47.523880005,-122.264595032,3,Violence,S2
643,S,47.523880005,-122.264595032,3,Violence,S2
644,B,47.661384583,-122.333129883,3,Theft,B3
645,J,47.677806854,-122.375648499,3,Theft,J2
646,J,47.677806854,-122.375648499,3,Theft,J2
647,J,47.677806854,-122.375648499,3,Theft,J2
648,M,47.60925293,-122.337341309,3,Theft,M3
649,M,47.60925293,-122.337341309,3,Theft,M3
650,M,47.60925293,-122.337341309,3,Theft,M3
651,W,47.556079865,-122.386924744,3,Theft,W2
652,W,47.556079865,-122.386924744,3,Theft,W2
653,L,47.699546814,-122.328475952,3,Theft,L2
654,L,47.699546814,-122.328475952,3,Theft,L2
655,C,47.616477966,-122.300727844,3,Theft,C3
656,C,47.616477966,-122.300727844,3,Theft,C3
657,N,47.708660126,-122.333992004,3,Public Offense,N3
658,N,47.708660126,-122.333992004,3,Public Offense,N3
659,N,47.708660126,-122.333992004,3,Public Offense,N3
660,N,47.708660126,-122.333992004,3,Public Offense,N3
661,D,47.643836975,-122.323371887,3,Theft,D3
662,D,47.643836975,-122.323371887,3,Theft,D3
663,U,47.657516479,-122.31829834,3,Theft,U2
664,U,47.657516479,-122.31829834,3,Theft,U2
665,U,47.679462433,-122.316543579,3,Property,U1
666,B,47.655406952,-122.351806641,3,Property,B2
667,B,47.655406952,-122.351119995,3,Property,B2
668,B,47.655406952,-122.351119995,3,Property,B2
669,B,47.655406952,-122.351119995,3,Property,B2
670,K,47.603126526,-122.331733704,3,Fraud,K1
671,K,47.603126526,-122.331733704,3,Fraud,K1
672,K,47.602149963,-122.33417511,3,Public Offense,K1
673,K,47.602149963,-122.33417511,3,Public Offense,K1
674,K,47.600463867,-122.330810547,3,Violence,K3
675,K,47.600463867,-122.330810547,3,Violence,K3
676,F,47.545635223,-122.375068665,3,Property,F1
677,F,47.545635223,-122.375068665,3,Property,F1
678,F,47.53188324,-122.366516113,3,Property,F2
679,F,47.53188324,-122.366516113,3,Property,F2
680,K,47.602149963,-122.33417511,3,Fraud,K1
681,K,47.602149963,-122.33417511,3,Fraud,K1
682,J,47.693313599,-122.35395813,3,Theft,J1
683,J,47.693313599,-122.35395813,3,Theft,J1
684,O,47.583976746,-122.329055786,3,Court Violation,O1
685,D,47.616641998,-122.354026794,3,Theft,D1
686,D,47.616641998,-122.354026794,3,Theft,D1
687,D,47.616641998,-122.354026794,3,Theft,D1
688,Q,47.648040771,-122.353904724,3,Property,Q2
689,Q,47.648040771,-122.353904724,3,Property,Q2
690,L,47.708602905,-122.324615479,3,Theft,L2
691,G,47.600566864,-122.294998169,3,Property,G3
692,L,47.708602905,-122.324615479,3,Theft,L2
693,L,47.708602905,-122.324615479,3,Theft,L2
694,L,47.708602905,-122.324615479,3,Theft,L2
695,G,47.600566864,-122.294998169,3,Property,G3
696,L,47.708602905,-122.324615479,3,Theft,L2
697,L,47.708602905,-122.324615479,3,Theft,L2
698,C,47.624443054,-122.311958313,3,Property,C1
699,C,47.624443054,-122.311958313,3,Property,C1
700,E,47.617038727,-122.325553894,3,Violence,E1
701,E,47.617038727,-122.325553894,3,Violence,E1
702,C,47.635837555,-122.279640198,3,Public Offense,C2
703,C,47.635837555,-122.279640198,3,Public Offense,C2
704,W,47.545703888,-122.381866455,3,Property,W3
705,Q,47.631408691,-122.345611572,3,Property,Q2
706,Q,47.631408691,-122.345611572,3,Property,Q2
707,O,47.544872284,-122.319793701,3,Property,O3
708,R,47.570674896,-122.28993988,3,Public Offense,R2
709,W,47.51468277,-122.380584717,3,Theft,W3
710,K,47.597515106,-122.325714111,3,Fraud,K3
711,K,47.597515106,-122.325714111,3,Fraud,K3
712,K,47.597515106,-122.325714111,3,Fraud,K3
713,B,47.659004211,-122.347335815,3,Public Offense,B2
714,B,47.659004211,-122.347335815,3,Public Offense,B2
715,L,47.708587646,-122.321914673,3,Theft,L2
716,K,47.602012634,-122.332252502,3,Theft,K2
717,K,47.602012634,-122.332252502,3,Theft,K2
718,K,47.602012634,-122.332252502,3,Theft,K2
719,J,47.676441193,-122.346603394,3,Property,J3
720,J,47.691524506,-122.375457764,3,Theft,J1
721,J,47.691524506,-122.375457764,3,Theft,J1
722,F,47.518276215,-122.355155945,3,TRAFFIC,F3
723,F,47.518276215,-122.355155945,3,TRAFFIC,F3
724,F,47.518276215,-122.355155945,3,TRAFFIC,F3
725,M,47.610401154,-122.343475342,3,Public Offense,M1
726,M,47.610401154,-122.343475342,3,Public Offense,M1
727,C,47.622528076,-122.31363678,3,Theft,C1
728,C,47.622528076,-122.31363678,3,Theft,C1
729,C,47.622528076,-122.31363678,3,Theft,C1
730,C,47.622528076,-122.31363678,3,Theft,C1
731,C,47.622528076,-122.31363678,3,Theft,C1
732,W,47.553882599,-122.386253357,3,Theft,W2
733,W,47.553882599,-122.386253357,3,Theft,W2
734,J,47.693305969,-122.351272583,3,Theft,J1
735,D,47.64087677,-122.324676514,3,Property,D3
736,M,47.60925293,-122.337341309,3,Public Offense,M3
737,N,47.705066681,-122.349395752,3,Fraud,N3
738,M,47.60925293,-122.337341309,3,Public Offense,M3
739,N,47.705066681,-122.349395752,3,Fraud,N3
740,N,47.705066681,-122.349395752,3,Fraud,N3
741,N,47.705066681,-122.349395752,3,Fraud,N3
742,J,47.687664032,-122.348564148,3,Theft,J3
743,J,47.687664032,-122.348564148,3,Theft,J3
744,K,47.601715088,-122.33026886,3,Public Offense,K2
745,K,47.601715088,-122.33026886,3,Public Offense,K2
746,E,47.616340637,-122.326789856,3,Theft,E1
747,E,47.616340637,-122.326789856,3,Theft,E1
748,M,47.612102509,-122.333808899,3,Property,M2
749,M,47.612102509,-122.333808899,3,Property,M2
750,D,47.614269257,-122.343063354,3,Theft,D1
751,D,47.614269257,-122.343063354,3,Theft,D1
752,D,47.614269257,-122.343063354,3,Theft,D1
753,B,47.667945862,-122.337432861,3,Theft,B3
754,B,47.667945862,-122.337432861,3,Theft,B3
755,K,47.601718903,-122.333900452,3,Theft,K1
756,M,47.60925293,-122.337341309,3,Violence,M3
757,M,47.60925293,-122.337341309,3,Violence,M3
758,K,47.599617004,-122.328964233,3,Violence,K3
759,K,47.599617004,-122.328964233,3,Violence,K3
760,K,47.599617004,-122.328964233,3,Violence,K3
761,C,47.612789154,-122.286010742,3,Property,C3
762,C,47.612789154,-122.286010742,3,Property,C3
763,J,47.679168701,-122.355316162,3,Property,J3
764,J,47.679168701,-122.355316162,3,Property,J3
765,J,47.679168701,-122.355316162,3,Property,J3
766,J,47.679168701,-122.355316162,3,Property,J3
767,J,47.679168701,-122.355316162,3,Property,J3
768,J,47.679168701,-122.355316162,3,Property,J3
769,B,47.668682098,-122.333648682,3,Violence,B3
770,B,47.668682098,-122.333648682,3,Violence,B3
771,G,47.599277496,-122.300514221,3,Public Offense,G3
772,G,47.599277496,-122.300514221,3,Public Offense,G3
773,Q,47.660671234,-122.392852783,3,Public Offense,Q1
774,Q,47.660671234,-122.392852783,3,Public Offense,Q1
775,B,47.663848877,-122.33013916,3,Theft,B3
776,B,47.663848877,-122.33013916,3,Theft,B3
777,Q,47.658325195,-122.40460968,3,Court Violation,Q1
778,Q,47.658325195,-122.40460968,3,Court Violation,Q1
779,C,47.62493515,-122.28754425,3,Fraud,C3
780,C,47.62493515,-122.28754425,3,Fraud,C3
781,W,47.558429718,-122.390899658,3,Theft,W2
782,W,47.558429718,-122.390899658,3,Theft,W2
783,J,47.688026428,-122.347213745,3,Theft,J3
784,J,47.688026428,-122.347213745,3,Theft,J3
785,W,47.56407547,-122.374198914,3,Property,W2
786,L,47.703556061,-122.317756653,3,Theft,L2
787,L,47.703556061,-122.317756653,3,Theft,L2
788,L,47.703556061,-122.317756653,3,Theft,L2
789,C,47.635471344,-122.320091248,3,Property,C1
790,C,47.635471344,-122.320091248,3,Property,C1
791,G,47.598342896,-122.318435669,3,Public Offense,G1
792,G,47.598342896,-122.318435669,3,Public Offense,G1
793,W,47.5820961,-122.386512756,3,Violence,W1
794,W,47.5820961,-122.386512756,3,Violence,W1
795,G,47.604839325,-122.32409668,3,Violence,G1
796,G,47.604839325,-122.32409668,3,Violence,G1
797,R,47.580993652,-122.308456421,3,Theft,R1
798,R,47.580993652,-122.308456421,3,Theft,R1
799,B,47.650161743,-122.344749451,3,Violence,B3
800,B,47.650161743,-122.344749451,3,Violence,B3
801,O,47.541934967,-122.329185486,3,Theft,O3
802,O,47.541934967,-122.329185486,3,Theft,O3
803,O,47.541934967,-122.329185486,3,Theft,O3
804,F,47.527332306,-122.327026367,3,Property,F3
805,F,47.527332306,-122.327026367,3,Property,F3
806,F,47.527332306,-122.327026367,3,Property,F3
807,B,47.661384583,-122.335075378,3,Theft,B3
808,B,47.661384583,-122.335075378,3,Theft,B3
809,D,47.645381927,-122.327285767,3,Property,D3
810,K,47.600879669,-122.332878113,3,Violence,K2
811,K,47.600879669,-122.332878113,3,Violence,K2
812,N,47.693210602,-122.337814331,3,Theft,N3
813,N,47.693210602,-122.337814331,3,Theft,N3
814,N,47.693210602,-122.337814331,3,Theft,N3
815,N,47.693210602,-122.337814331,3,Theft,N3
816,N,47.693210602,-122.337814331,3,Theft,N3
817,U,47.65945816,-122.318267822,3,Theft,U2
818,U,47.65945816,-122.318267822,3,Theft,U2
819,K,47.605621338,-122.334022522,3,Property,K1
820,D,47.618518829,-122.335319519,3,Theft,D2
821,D,47.618518829,-122.335319519,3,Theft,D2
822,R,47.555652618,-122.272636414,3,Property,R3
823,R,47.555652618,-122.272636414,3,Property,R3
824,R,47.555652618,-122.272636414,3,Property,R3
825,R,47.555652618,-122.272636414,3,Property,R3
826,E,47.616409302,-122.320037842,3,Fraud,E2
827,C,47.638729095,-122.304779053,3,Theft,C2
828,E,47.616409302,-122.320037842,3,Fraud,E2
829,E,47.616409302,-122.320037842,3,Fraud,E2
830,D,47.638748169,-122.342353821,3,Theft,D2
831,R,47.558185577,-122.280105591,3,Theft,R3
832,R,47.558185577,-122.280105591,3,Theft,R3
833,R,47.558185577,-122.280105591,3,Theft,R3
834,J,47.68012619,-122.363334656,3,Theft,J2
835,O,47.58146286,-122.321395874,3,Theft,O1
836,O,47.58146286,-122.321395874,3,Theft,O1
837,G,47.602313995,-122.284988403,3,Violence,G2
838,G,47.602313995,-122.284988403,3,Violence,G2
839,J,47.691516876,-122.377883911,3,Theft,J1
840,J,47.691516876,-122.377883911,3,Theft,J1
841,B,47.656826019,-122.338027954,3,Theft,B3
842,B,47.656826019,-122.338027954,3,Theft,B3
843,N,47.700523376,-122.344642639,3,Court Violation,N3
844,N,47.700523376,-122.344642639,3,Court Violation,N3
845,W,47.562950134,-122.389480591,3,Theft,W2
846,J,47.673675537,-122.332214355,3,Property,J3
847,J,47.673675537,-122.332214355,3,Property,J3
848,J,47.673675537,-122.332214355,3,Property,J3
849,J,47.673675537,-122.332214355,3,Property,J3
850,Q,47.62090683,-122.347602844,3,Violence,Q3
851,Q,47.62090683,-122.347602844,3,Violence,Q3
852,Q,47.62090683,-122.347602844,3,Violence,Q3
853,Q,47.62090683,-122.347602844,3,Violence,Q3
854,M,47.611320496,-122.33731842,3,Theft,M2
855,M,47.611320496,-122.33731842,3,Theft,M2
856,M,47.611320496,-122.33731842,3,Theft,M2
857,B,47.661384583,-122.334396362,3,Theft,B3
858,B,47.661384583,-122.334396362,3,Theft,B3
859,J,47.690616608,-122.359313965,3,Fraud,J2
860,N,47.693466187,-122.34589386,3,Theft,N3
861,R,47.583400726,-122.302001953,3,Theft,R2
862,R,47.583400726,-122.302001953,3,Theft,R2
863,R,47.583400726,-122.302001953,3,Theft,R2
864,R,47.583400726,-122.302001953,3,Theft,R2
865,R,47.583400726,-122.302001953,3,Theft,R2
866,U,47.666435242,-122.313049316,3,Property,U1
867,R,47.551551819,-122.277870178,3,Fraud,R3
868,R,47.551551819,-122.277870178,3,Fraud,R3
869,R,47.551551819,-122.277870178,3,Fraud,R3
870,R,47.551551819,-122.277870178,3,Fraud,R3
871,U,47.678531647,-122.30657959,3,Theft,U1
872,U,47.678531647,-122.30657959,3,Theft,U1
873,M,47.607364655,-122.34021759,3,Theft,M1
874,M,47.607364655,-122.34021759,3,Theft,M1
875,F,47.526878357,-122.314849854,3,Property,F3
876,F,47.526878357,-122.314849854,3,Property,F3
877,E,47.611335754,-122.323898315,3,Property,E3
878,E,47.611335754,-122.323898315,3,Property,E3
879,U,47.662181854,-122.313117981,3,Court Violation,U2
880,F,47.520427704,-122.336029053,3,Fraud,F3
881,F,47.520427704,-122.336029053,3,Fraud,F3
882,F,47.520427704,-122.336029053,3,Fraud,F3
883,F,47.520427704,-122.336029053,3,Fraud,F3
884,E,47.623710632,-122.326591492,3,Property,E1
885,E,47.623710632,-122.326591492,3,Property,E1
886,B,47.667942047,-122.335037231,3,Theft,B3
887,B,47.667942047,-122.335037231,3,Theft,B3
888,M,47.609718323,-122.336227417,3,Fraud,M3
889,M,47.609718323,-122.336227417,3,Fraud,M3
890,M,47.609718323,-122.336227417,3,Fraud,M3
891,M,47.609718323,-122.336227417,3,Fraud,M3
892,M,47.609718323,-122.336227417,3,Fraud,M3
893,M,47.609718323,-122.336227417,3,Fraud,M3
894,M,47.609718323,-122.336227417,3,Fraud,M3
895,K,47.596485138,-122.329048157,3,Public Offense,K3
896,L,47.719276428,-122.294570923,3,Property,L3
897,L,47.719276428,-122.294570923,3,Property,L3
898,W,47.560211182,-122.385482788,3,Fraud,W2
899,W,47.560211182,-122.385482788,3,Fraud,W2
900,K,47.604660034,-122.331604004,3,Violence,K1
901,K,47.604660034,-122.331604004,3,Violence,K1
902,G,47.607021332,-122.303779602,3,Public Offense,G2
903,G,47.607021332,-122.303779602,3,Public Offense,G2
904,N,47.699604034,-122.33972168,3,Property,N3
905,K,47.601074219,-122.331390381,3,Violence,K2
906,N,47.699604034,-122.33972168,3,Property,N3
907,J,47.688388824,-122.348564148,3,Theft,J3
908,U,47.665641785,-122.309463501,3,Theft,U1
909,U,47.665641785,-122.309463501,3,Theft,U1
910,U,47.665641785,-122.309463501,3,Theft,U1
911,K,47.604160309,-122.328079224,3,Violence,K3
912,K,47.604160309,-122.328079224,3,Violence,K3
913,Q,47.62147522,-122.343681335,3,Theft,Q3
914,Q,47.62147522,-122.343681335,3,Theft,Q3
915,Q,47.62147522,-122.343681335,3,Theft,Q3
916,L,47.727355957,-122.288238525,3,Theft,L3
917,W,47.572944641,-122.389427185,3,Violence,W1
918,N,47.716911316,-122.357055664,3,Property,N1
919,N,47.716911316,-122.357055664,3,Property,N1
920,N,47.698699951,-122.340820313,3,Theft,N3
921,N,47.698699951,-122.340820313,3,Theft,N3
922,F,47.527332306,-122.327026367,3,Property,F3
923,F,47.527332306,-122.327026367,3,Property,F3
924,D,47.634735107,-122.343475342,3,Theft,D2
925,D,47.634735107,-122.343475342,3,Theft,D2
926,W,47.527988434,-122.379325867,3,Theft,W3
927,W,47.527988434,-122.379325867,3,Theft,W3
928,L,47.729183197,-122.288284302,3,Theft,L3
929,M,47.608787537,-122.338447571,3,Theft,M1
930,M,47.608787537,-122.338447571,3,Theft,M1
931,M,47.608787537,-122.338447571,3,Theft,M1
932,M,47.608787537,-122.338447571,3,Theft,M1
933,M,47.608787537,-122.338447571,3,Theft,M1
934,E,47.612987518,-122.323944092,3,Theft,E3
935,E,47.612987518,-122.323944092,3,Theft,E3
936,Q,47.622062683,-122.344985962,3,Property,Q3
937,Q,47.622062683,-122.344985962,3,Property,Q3
938,L,47.696678162,-122.308135986,3,Fraud,L2
939,L,47.696678162,-122.308135986,3,Fraud,L2
940,C,47.62191391,-122.293159485,3,Fraud,C3
941,C,47.62191391,-122.293159485,3,Fraud,C3
942,M,47.612102509,-122.333808899,3,Theft,M2
943,E,47.614654541,-122.320793152,3,Violence,E2
944,E,47.614654541,-122.320793152,3,Violence,E2
945,E,47.614654541,-122.320793152,3,Violence,E2
946,E,47.614654541,-122.320793152,3,Violence,E2
947,F,47.523994446,-122.360481262,3,Court Violation,F2
948,F,47.523994446,-122.360481262,3,Court Violation,F2
949,K,47.602767944,-122.33140564,3,Property,K1
950,K,47.602767944,-122.33140564,3,Property,K1
951,K,47.602767944,-122.33140564,3,Property,K1
952,K,47.602767944,-122.33140564,3,Property,K1
953,D,47.61807251,-122.348503113,3,Public Offense,D1
954,J,47.688388824,-122.347213745,3,Theft,J3
955,J,47.688388824,-122.347213745,3,Theft,J3
956,D,47.616054535,-122.336166382,3,Theft,D2
957,D,47.616054535,-122.336166382,3,Theft,D2
958,D,47.616054535,-122.336166382,3,Theft,D2
959,D,47.616054535,-122.336166382,3,Theft,D2
960,J,47.677806854,-122.37247467,3,Theft,J2
961,J,47.677806854,-122.37247467,3,Theft,J2
962,K,47.596656799,-122.327682495,3,Violence,K3
963,F,47.522636414,-122.314971924,3,Property,F3
964,F,47.522636414,-122.314971924,3,Property,F3
965,F,47.522636414,-122.314971924,3,Property,F3
966,F,47.522636414,-122.314971924,3,Property,F3
967,D,47.617797852,-122.343086243,3,Court Violation,D2
968,L,47.714836121,-122.307159424,3,Property,L1
969,L,47.714836121,-122.307159424,3,Property,L1
970,W,47.525814056,-122.391571045,3,Public Offense,W3
971,W,47.525814056,-122.391571045,3,Public Offense,W3
972,S,47.538913727,-122.293754578,3,Theft,S1
973,U,47.678501129,-122.298469543,3,Theft,U3
974,U,47.678501129,-122.298469543,3,Theft,U3
975,G,47.599201202,-122.315681458,3,Public Offense,G3
976,G,47.599201202,-122.315681458,3,Public Offense,G3
977,B,47.672080994,-122.334037781,3,Theft,B3
978,S,47.512516022,-122.257041931,3,Property,S3
979,S,47.512516022,-122.257041931,3,Property,S3
980,K,47.602413177,-122.331085205,3,Public Offense,K2
981,K,47.602413177,-122.331085205,3,Public Offense,K2
982,K,47.602413177,-122.331085205,3,Public Offense,K2
983,K,47.602413177,-122.331085205,3,Public Offense,K2
984,F,47.521949768,-122.357803345,3,Property,F2
985,F,47.521949768,-122.357803345,3,Property,F2
986,D,47.617023468,-122.345741272,3,Public Offense,D2
987,D,47.617023468,-122.345741272,3,Public Offense,D2
988,M,47.609653473,-122.333099365,3,Theft,M3
989,M,47.609653473,-122.333099365,3,Theft,M3
990,M,47.609653473,-122.333099365,3,Theft,M3
991,M,47.609653473,-122.333099365,3,Theft,M3
992,O,47.572704315,-122.339691162,3,Theft,O1
993,O,47.572704315,-122.339691162,3,Theft,O1
994,D,47.637508392,-122.32711792,3,Property,D3
995,D,47.637508392,-122.32711792,3,Property,D3
996,R,47.576358795,-122.296630859,3,Public Offense,R2
997,R,47.576358795,-122.296630859,3,Public Offense,R2
998,E,47.608657837,-122.320755005,3,Violence,E3
999,E,47.608657837,-122.320755005,3,Violence,E3
